-- phpMyAdmin SQL Dump
-- version 5.2.0
-- https://www.phpmyadmin.net/
--
-- Host: 127.0.0.1:3306
-- Generation Time: Aug 07, 2024 at 03:03 AM
-- Server version: 5.7.40
-- PHP Version: 8.0.26

SET SQL_MODE = "NO_AUTO_VALUE_ON_ZERO";
START TRANSACTION;
SET time_zone = "+00:00";


/*!40101 SET @OLD_CHARACTER_SET_CLIENT=@@CHARACTER_SET_CLIENT */;
/*!40101 SET @OLD_CHARACTER_SET_RESULTS=@@CHARACTER_SET_RESULTS */;
/*!40101 SET @OLD_COLLATION_CONNECTION=@@COLLATION_CONNECTION */;
/*!40101 SET NAMES utf8mb4 */;

--
-- Database: `quanlydaotao`
--

-- --------------------------------------------------------

--
-- Table structure for table `auth_assignment`
--

DROP TABLE IF EXISTS `auth_assignment`;
CREATE TABLE IF NOT EXISTS `auth_assignment` (
  `item_name` varchar(64) NOT NULL,
  `user_id` int(11) NOT NULL,
  `created_at` int(11) DEFAULT NULL,
  PRIMARY KEY (`item_name`,`user_id`),
  KEY `user_id` (`user_id`)
) ENGINE=InnoDB DEFAULT CHARSET=utf8;

-- --------------------------------------------------------

--
-- Table structure for table `auth_item`
--

DROP TABLE IF EXISTS `auth_item`;
CREATE TABLE IF NOT EXISTS `auth_item` (
  `name` varchar(64) NOT NULL,
  `type` int(11) NOT NULL,
  `description` text,
  `rule_name` varchar(64) DEFAULT NULL,
  `data` text,
  `created_at` int(11) DEFAULT NULL,
  `updated_at` int(11) DEFAULT NULL,
  `group_code` varchar(64) DEFAULT NULL,
  PRIMARY KEY (`name`),
  KEY `rule_name` (`rule_name`),
  KEY `idx-auth_item-type` (`type`),
  KEY `fk_auth_item_group_code` (`group_code`)
) ENGINE=InnoDB DEFAULT CHARSET=utf8;

--
-- Dumping data for table `auth_item`
--

INSERT INTO `auth_item` (`name`, `type`, `description`, `rule_name`, `data`, `created_at`, `updated_at`, `group_code`) VALUES
('/*', 3, NULL, NULL, NULL, 1689001075, 1689001075, NULL),
('//*', 3, NULL, NULL, NULL, 1719818474, 1719818474, NULL),
('//ajaxcrud', 3, NULL, NULL, NULL, 1719818474, 1719818474, NULL),
('//controller', 3, NULL, NULL, NULL, 1719818474, 1719818474, NULL),
('//crud', 3, NULL, NULL, NULL, 1719818474, 1719818474, NULL),
('//extension', 3, NULL, NULL, NULL, 1719818474, 1719818474, NULL),
('//form', 3, NULL, NULL, NULL, 1719818474, 1719818474, NULL),
('//index', 3, NULL, NULL, NULL, 1719818474, 1719818474, NULL),
('//model', 3, NULL, NULL, NULL, 1719818474, 1719818474, NULL),
('//module', 3, NULL, NULL, NULL, 1719818474, 1719818474, NULL),
('/asset/*', 3, NULL, NULL, NULL, 1719818474, 1719818474, NULL),
('/asset/compress', 3, NULL, NULL, NULL, 1719818474, 1719818474, NULL),
('/asset/template', 3, NULL, NULL, NULL, 1719818474, 1719818474, NULL),
('/baotri/*', 3, NULL, NULL, NULL, 1691110097, 1691110097, NULL),
('/baotri/default/*', 3, NULL, NULL, NULL, 1691110097, 1691110097, NULL),
('/baotri/default/index', 3, NULL, NULL, NULL, 1691110097, 1691110097, NULL),
('/baotri/ke-hoach-bao-tri/*', 3, NULL, NULL, NULL, 1691110097, 1691110097, NULL),
('/baotri/ke-hoach-bao-tri/bulkdelete', 3, NULL, NULL, NULL, 1691110097, 1691110097, NULL),
('/baotri/ke-hoach-bao-tri/create', 3, NULL, NULL, NULL, 1691110097, 1691110097, NULL),
('/baotri/ke-hoach-bao-tri/delete', 3, NULL, NULL, NULL, 1691110097, 1691110097, NULL),
('/baotri/ke-hoach-bao-tri/index', 3, NULL, NULL, NULL, 1691110097, 1691110097, NULL),
('/baotri/ke-hoach-bao-tri/tao-phieu-bao-tri', 3, NULL, NULL, NULL, 1719540323, 1719540323, NULL),
('/baotri/ke-hoach-bao-tri/update', 3, NULL, NULL, NULL, 1691110097, 1691110097, NULL),
('/baotri/ke-hoach-bao-tri/view', 3, NULL, NULL, NULL, 1691110097, 1691110097, NULL),
('/baotri/lich-bao-tri/*', 3, NULL, NULL, NULL, 1691110097, 1691110097, NULL),
('/baotri/lich-bao-tri/baotri', 3, NULL, NULL, NULL, 1719540323, 1719540323, NULL),
('/baotri/lich-bao-tri/index', 3, NULL, NULL, NULL, 1691110097, 1691110097, NULL),
('/baotri/lich-bao-tri/test', 3, NULL, NULL, NULL, 1719540323, 1719540323, NULL),
('/baotri/lich-bao-tri/view', 3, NULL, NULL, NULL, 1719540323, 1719540323, NULL),
('/baotri/loai-bao-tri/*', 3, NULL, NULL, NULL, 1691110097, 1691110097, NULL),
('/baotri/loai-bao-tri/bulkdelete', 3, NULL, NULL, NULL, 1691110097, 1691110097, NULL),
('/baotri/loai-bao-tri/create', 3, NULL, NULL, NULL, 1691110097, 1691110097, NULL),
('/baotri/loai-bao-tri/delete', 3, NULL, NULL, NULL, 1691110097, 1691110097, NULL),
('/baotri/loai-bao-tri/index', 3, NULL, NULL, NULL, 1691110097, 1691110097, NULL),
('/baotri/loai-bao-tri/update', 3, NULL, NULL, NULL, 1691110097, 1691110097, NULL),
('/baotri/loai-bao-tri/view', 3, NULL, NULL, NULL, 1691110097, 1691110097, NULL),
('/baotri/phieu-bao-tri/*', 3, NULL, NULL, NULL, 1719540323, 1719540323, NULL),
('/baotri/phieu-bao-tri/bulkdelete', 3, NULL, NULL, NULL, 1719540323, 1719540323, NULL),
('/baotri/phieu-bao-tri/create', 3, NULL, NULL, NULL, 1719540323, 1719540323, NULL),
('/baotri/phieu-bao-tri/delete', 3, NULL, NULL, NULL, 1719540323, 1719540323, NULL),
('/baotri/phieu-bao-tri/get-phieu-bao-tri-in-ajax', 3, NULL, NULL, NULL, 1719540323, 1719540323, NULL),
('/baotri/phieu-bao-tri/index', 3, NULL, NULL, NULL, 1719540323, 1719540323, NULL),
('/baotri/phieu-bao-tri/update', 3, NULL, NULL, NULL, 1719540323, 1719540323, NULL),
('/baotri/phieu-bao-tri/view', 3, NULL, NULL, NULL, 1719540323, 1719540323, NULL),
('/bophan/*', 3, NULL, NULL, NULL, 1691110097, 1691110097, NULL),
('/bophan/bo-phan/*', 3, NULL, NULL, NULL, 1691110097, 1691110097, NULL),
('/bophan/bo-phan/bulkdelete', 3, NULL, NULL, NULL, 1691110097, 1691110097, NULL),
('/bophan/bo-phan/create', 3, NULL, NULL, NULL, 1691110097, 1691110097, NULL),
('/bophan/bo-phan/delete', 3, NULL, NULL, NULL, 1691110097, 1691110097, NULL),
('/bophan/bo-phan/index', 3, NULL, NULL, NULL, 1691110097, 1691110097, NULL),
('/bophan/bo-phan/update', 3, NULL, NULL, NULL, 1691110097, 1691110097, NULL),
('/bophan/bo-phan/view', 3, NULL, NULL, NULL, 1691110097, 1691110097, NULL),
('/bophan/default/*', 3, NULL, NULL, NULL, 1691110097, 1691110097, NULL),
('/bophan/default/index', 3, NULL, NULL, NULL, 1691110097, 1691110097, NULL),
('/bophan/dm-dv-bao-gia/*', 3, NULL, NULL, NULL, 1720400010, 1720400010, NULL),
('/bophan/dm-dv-bao-gia/bulkdelete', 3, NULL, NULL, NULL, 1720400010, 1720400010, NULL),
('/bophan/dm-dv-bao-gia/create', 3, NULL, NULL, NULL, 1720400010, 1720400010, NULL),
('/bophan/dm-dv-bao-gia/delete', 3, NULL, NULL, NULL, 1720400010, 1720400010, NULL),
('/bophan/dm-dv-bao-gia/index', 3, NULL, NULL, NULL, 1720400010, 1720400010, NULL),
('/bophan/dm-dv-bao-gia/update', 3, NULL, NULL, NULL, 1720400010, 1720400010, NULL),
('/bophan/dm-dv-bao-gia/view', 3, NULL, NULL, NULL, 1720400010, 1720400010, NULL),
('/bophan/doi-tac/*', 3, NULL, NULL, NULL, 1691110097, 1691110097, NULL),
('/bophan/doi-tac/bulkdelete', 3, NULL, NULL, NULL, 1691110097, 1691110097, NULL),
('/bophan/doi-tac/create', 3, NULL, NULL, NULL, 1691110097, 1691110097, NULL),
('/bophan/doi-tac/delete', 3, NULL, NULL, NULL, 1691110097, 1691110097, NULL),
('/bophan/doi-tac/index', 3, NULL, NULL, NULL, 1691110097, 1691110097, NULL),
('/bophan/doi-tac/update', 3, NULL, NULL, NULL, 1691110097, 1691110097, NULL),
('/bophan/doi-tac/view', 3, NULL, NULL, NULL, 1691110097, 1691110097, NULL),
('/bophan/nhan-vien/*', 3, NULL, NULL, NULL, 1691110097, 1691110097, NULL),
('/bophan/nhan-vien/bulkdelete', 3, NULL, NULL, NULL, 1691110097, 1691110097, NULL),
('/bophan/nhan-vien/create', 3, NULL, NULL, NULL, 1691110097, 1691110097, NULL),
('/bophan/nhan-vien/delete', 3, NULL, NULL, NULL, 1691110097, 1691110097, NULL),
('/bophan/nhan-vien/index', 3, NULL, NULL, NULL, 1691110097, 1691110097, NULL),
('/bophan/nhan-vien/update', 3, NULL, NULL, NULL, 1691110097, 1691110097, NULL),
('/bophan/nhan-vien/view', 3, NULL, NULL, NULL, 1691110097, 1691110097, NULL),
('/bophan/nhom-doi-tac/*', 3, NULL, NULL, NULL, 1691110097, 1691110097, NULL),
('/bophan/nhom-doi-tac/bulkdelete', 3, NULL, NULL, NULL, 1691110097, 1691110097, NULL),
('/bophan/nhom-doi-tac/create', 3, NULL, NULL, NULL, 1691110097, 1691110097, NULL),
('/bophan/nhom-doi-tac/delete', 3, NULL, NULL, NULL, 1691110097, 1691110097, NULL),
('/bophan/nhom-doi-tac/index', 3, NULL, NULL, NULL, 1691110097, 1691110097, NULL),
('/bophan/nhom-doi-tac/update', 3, NULL, NULL, NULL, 1691110097, 1691110097, NULL),
('/bophan/nhom-doi-tac/view', 3, NULL, NULL, NULL, 1691110097, 1691110097, NULL),
('/cache/*', 3, NULL, NULL, NULL, 1719818474, 1719818474, NULL),
('/cache/flush', 3, NULL, NULL, NULL, 1719818474, 1719818474, NULL),
('/cache/flush-all', 3, NULL, NULL, NULL, 1719818474, 1719818474, NULL),
('/cache/flush-schema', 3, NULL, NULL, NULL, 1719818474, 1719818474, NULL),
('/cache/index', 3, NULL, NULL, NULL, 1719818474, 1719818474, NULL),
('/debug/*', 3, NULL, NULL, NULL, 1719818474, 1719818474, NULL),
('/debug/default/*', 3, NULL, NULL, NULL, 1719818474, 1719818474, NULL),
('/debug/default/db-explain', 3, NULL, NULL, NULL, 1719818474, 1719818474, NULL),
('/debug/default/download-mail', 3, NULL, NULL, NULL, 1719818474, 1719818474, NULL),
('/debug/default/index', 3, NULL, NULL, NULL, 1719818474, 1719818474, NULL),
('/debug/default/toolbar', 3, NULL, NULL, NULL, 1719818474, 1719818474, NULL),
('/debug/default/view', 3, NULL, NULL, NULL, 1719818474, 1719818474, NULL),
('/debug/user/*', 3, NULL, NULL, NULL, 1719818474, 1719818474, NULL),
('/debug/user/reset-identity', 3, NULL, NULL, NULL, 1719818474, 1719818474, NULL),
('/debug/user/set-identity', 3, NULL, NULL, NULL, 1719818474, 1719818474, NULL),
('/dungchung/*', 3, NULL, NULL, NULL, 1691110097, 1691110097, NULL),
('/dungchung/default/*', 3, NULL, NULL, NULL, 1691110097, 1691110097, NULL),
('/dungchung/default/index', 3, NULL, NULL, NULL, 1691110097, 1691110097, NULL),
('/dungchung/hinh-anh/*', 3, NULL, NULL, NULL, 1691110097, 1691110097, NULL),
('/dungchung/hinh-anh/bulkdelete', 3, NULL, NULL, NULL, 1691110097, 1691110097, NULL),
('/dungchung/hinh-anh/create', 3, NULL, NULL, NULL, 1691110097, 1691110097, NULL),
('/dungchung/hinh-anh/create-outer', 3, NULL, NULL, NULL, 1691110097, 1691110097, NULL),
('/dungchung/hinh-anh/delete', 3, NULL, NULL, NULL, 1691110097, 1691110097, NULL),
('/dungchung/hinh-anh/delete-outer', 3, NULL, NULL, NULL, 1691110097, 1691110097, NULL),
('/dungchung/hinh-anh/index', 3, NULL, NULL, NULL, 1691110097, 1691110097, NULL),
('/dungchung/hinh-anh/update', 3, NULL, NULL, NULL, 1691110097, 1691110097, NULL),
('/dungchung/hinh-anh/update-outer', 3, NULL, NULL, NULL, 1691110097, 1691110097, NULL),
('/dungchung/hinh-anh/view', 3, NULL, NULL, NULL, 1691110097, 1691110097, NULL),
('/dungchung/history/*', 3, NULL, NULL, NULL, 1691110097, 1691110097, NULL),
('/dungchung/history/bulkdelete', 3, NULL, NULL, NULL, 1691110097, 1691110097, NULL),
('/dungchung/history/create', 3, NULL, NULL, NULL, 1691110097, 1691110097, NULL),
('/dungchung/history/delete', 3, NULL, NULL, NULL, 1691110097, 1691110097, NULL),
('/dungchung/history/index', 3, NULL, NULL, NULL, 1691110097, 1691110097, NULL),
('/dungchung/history/update', 3, NULL, NULL, NULL, 1691110097, 1691110097, NULL),
('/dungchung/history/view', 3, NULL, NULL, NULL, 1691110097, 1691110097, NULL),
('/dungchung/import/*', 3, NULL, NULL, NULL, 1691110097, 1691110097, NULL),
('/dungchung/import/import', 3, NULL, NULL, NULL, 1691110097, 1691110097, NULL),
('/dungchung/import/upload', 3, NULL, NULL, NULL, 1691110097, 1691110097, NULL),
('/dungchung/tai-lieu/*', 3, NULL, NULL, NULL, 1691110097, 1691110097, NULL),
('/dungchung/tai-lieu/bulkdelete', 3, NULL, NULL, NULL, 1691110097, 1691110097, NULL),
('/dungchung/tai-lieu/create', 3, NULL, NULL, NULL, 1691110097, 1691110097, NULL),
('/dungchung/tai-lieu/create-outer', 3, NULL, NULL, NULL, 1691110097, 1691110097, NULL),
('/dungchung/tai-lieu/delete', 3, NULL, NULL, NULL, 1691110097, 1691110097, NULL),
('/dungchung/tai-lieu/delete-outer', 3, NULL, NULL, NULL, 1691110097, 1691110097, NULL),
('/dungchung/tai-lieu/index', 3, NULL, NULL, NULL, 1691110097, 1691110097, NULL),
('/dungchung/tai-lieu/update', 3, NULL, NULL, NULL, 1691110097, 1691110097, NULL),
('/dungchung/tai-lieu/update-outer', 3, NULL, NULL, NULL, 1691110097, 1691110097, NULL),
('/dungchung/tai-lieu/view', 3, NULL, NULL, NULL, 1691110097, 1691110097, NULL),
('/fixture/*', 3, NULL, NULL, NULL, 1719818474, 1719818474, NULL),
('/fixture/load', 3, NULL, NULL, NULL, 1719818474, 1719818474, NULL),
('/fixture/unload', 3, NULL, NULL, NULL, 1719818474, 1719818474, NULL),
('/gii/*', 3, NULL, NULL, NULL, 1689001075, 1689001075, NULL),
('/gii/default/*', 3, NULL, NULL, NULL, 1689001075, 1689001075, NULL),
('/gii/default/action', 3, NULL, NULL, NULL, 1689001075, 1689001075, NULL),
('/gii/default/diff', 3, NULL, NULL, NULL, 1689001075, 1689001075, NULL),
('/gii/default/index', 3, NULL, NULL, NULL, 1689001075, 1689001075, NULL),
('/gii/default/preview', 3, NULL, NULL, NULL, 1689001075, 1689001075, NULL),
('/gii/default/view', 3, NULL, NULL, NULL, 1689001075, 1689001075, NULL),
('/hello/*', 3, NULL, NULL, NULL, 1719818474, 1719818474, NULL),
('/hello/index', 3, NULL, NULL, NULL, 1719818474, 1719818474, NULL),
('/help/*', 3, NULL, NULL, NULL, 1719818474, 1719818474, NULL),
('/help/index', 3, NULL, NULL, NULL, 1719818474, 1719818474, NULL),
('/help/list', 3, NULL, NULL, NULL, 1719818474, 1719818474, NULL),
('/help/list-action-options', 3, NULL, NULL, NULL, 1719818474, 1719818474, NULL),
('/help/usage', 3, NULL, NULL, NULL, 1719818474, 1719818474, NULL),
('/kholuutru/*', 3, NULL, NULL, NULL, 1691110097, 1691110097, NULL),
('/kholuutru/default/*', 3, NULL, NULL, NULL, 1691110097, 1691110097, NULL),
('/kholuutru/default/index', 3, NULL, NULL, NULL, 1691110097, 1691110097, NULL),
('/kholuutru/depdrop/*', 3, NULL, NULL, NULL, 1691110097, 1691110097, NULL),
('/kholuutru/depdrop/get-nhan-vien', 3, NULL, NULL, NULL, 1691110097, 1691110097, NULL),
('/kholuutru/dm-vat-tu/*', 3, NULL, NULL, NULL, 1719540323, 1719540323, NULL),
('/kholuutru/dm-vat-tu/bulkdelete', 3, NULL, NULL, NULL, 1719540323, 1719540323, NULL),
('/kholuutru/dm-vat-tu/create', 3, NULL, NULL, NULL, 1719540323, 1719540323, NULL),
('/kholuutru/dm-vat-tu/delete', 3, NULL, NULL, NULL, 1719540323, 1719540323, NULL),
('/kholuutru/dm-vat-tu/index', 3, NULL, NULL, NULL, 1719540323, 1719540323, NULL),
('/kholuutru/dm-vat-tu/update', 3, NULL, NULL, NULL, 1719540323, 1719540323, NULL),
('/kholuutru/dm-vat-tu/view', 3, NULL, NULL, NULL, 1719540323, 1719540323, NULL),
('/kholuutru/kho/*', 3, NULL, NULL, NULL, 1691110097, 1691110097, NULL),
('/kholuutru/kho/bulkdelete', 3, NULL, NULL, NULL, 1691110097, 1691110097, NULL),
('/kholuutru/kho/create', 3, NULL, NULL, NULL, 1691110097, 1691110097, NULL),
('/kholuutru/kho/delete', 3, NULL, NULL, NULL, 1691110097, 1691110097, NULL),
('/kholuutru/kho/get-vat-tu-list', 3, NULL, NULL, NULL, 1719540323, 1719540323, NULL),
('/kholuutru/kho/index', 3, NULL, NULL, NULL, 1691110097, 1691110097, NULL),
('/kholuutru/kho/update', 3, NULL, NULL, NULL, 1691110097, 1691110097, NULL),
('/kholuutru/kho/view', 3, NULL, NULL, NULL, 1691110097, 1691110097, NULL),
('/kholuutru/lich-su-vat-tu/*', 3, NULL, NULL, NULL, 1719540323, 1719540323, NULL),
('/kholuutru/lich-su-vat-tu/bulkdelete', 3, NULL, NULL, NULL, 1719540323, 1719540323, NULL),
('/kholuutru/lich-su-vat-tu/create', 3, NULL, NULL, NULL, 1719540323, 1719540323, NULL),
('/kholuutru/lich-su-vat-tu/delete', 3, NULL, NULL, NULL, 1719540323, 1719540323, NULL),
('/kholuutru/lich-su-vat-tu/index', 3, NULL, NULL, NULL, 1719540323, 1719540323, NULL),
('/kholuutru/lich-su-vat-tu/update', 3, NULL, NULL, NULL, 1719540323, 1719540323, NULL),
('/kholuutru/lich-su-vat-tu/view', 3, NULL, NULL, NULL, 1719540323, 1719540323, NULL),
('/message/*', 3, NULL, NULL, NULL, 1719818474, 1719818474, NULL),
('/message/config', 3, NULL, NULL, NULL, 1719818474, 1719818474, NULL),
('/message/config-template', 3, NULL, NULL, NULL, 1719818474, 1719818474, NULL),
('/message/extract', 3, NULL, NULL, NULL, 1719818474, 1719818474, NULL),
('/migrate/*', 3, NULL, NULL, NULL, 1719818474, 1719818474, NULL),
('/migrate/create', 3, NULL, NULL, NULL, 1719818474, 1719818474, NULL),
('/migrate/down', 3, NULL, NULL, NULL, 1719818474, 1719818474, NULL),
('/migrate/fresh', 3, NULL, NULL, NULL, 1719818474, 1719818474, NULL),
('/migrate/history', 3, NULL, NULL, NULL, 1719818474, 1719818474, NULL),
('/migrate/mark', 3, NULL, NULL, NULL, 1719818474, 1719818474, NULL),
('/migrate/new', 3, NULL, NULL, NULL, 1719818474, 1719818474, NULL),
('/migrate/redo', 3, NULL, NULL, NULL, 1719818474, 1719818474, NULL),
('/migrate/to', 3, NULL, NULL, NULL, 1719818474, 1719818474, NULL),
('/migrate/up', 3, NULL, NULL, NULL, 1719818474, 1719818474, NULL),
('/muasam/*', 3, NULL, NULL, NULL, 1719540322, 1719540322, NULL),
('/muasam/bao-gia-mua-sam/*', 3, NULL, NULL, NULL, 1719540323, 1719540323, NULL),
('/muasam/bao-gia-mua-sam/bulkdelete', 3, NULL, NULL, NULL, 1719540323, 1719540323, NULL),
('/muasam/bao-gia-mua-sam/create', 3, NULL, NULL, NULL, 1719540323, 1719540323, NULL),
('/muasam/bao-gia-mua-sam/delete', 3, NULL, NULL, NULL, 1719540323, 1719540323, NULL),
('/muasam/bao-gia-mua-sam/index', 3, NULL, NULL, NULL, 1719540323, 1719540323, NULL),
('/muasam/bao-gia-mua-sam/update', 3, NULL, NULL, NULL, 1719540323, 1719540323, NULL),
('/muasam/bao-gia-mua-sam/view', 3, NULL, NULL, NULL, 1719540323, 1719540323, NULL),
('/muasam/ct-bao-gia-mua-sam/*', 3, NULL, NULL, NULL, 1719540323, 1719540323, NULL),
('/muasam/ct-bao-gia-mua-sam/bulkdelete', 3, NULL, NULL, NULL, 1719540323, 1719540323, NULL),
('/muasam/ct-bao-gia-mua-sam/create', 3, NULL, NULL, NULL, 1719540323, 1719540323, NULL),
('/muasam/ct-bao-gia-mua-sam/delete', 3, NULL, NULL, NULL, 1719540323, 1719540323, NULL),
('/muasam/ct-bao-gia-mua-sam/index', 3, NULL, NULL, NULL, 1719540323, 1719540323, NULL),
('/muasam/ct-bao-gia-mua-sam/update', 3, NULL, NULL, NULL, 1719540323, 1719540323, NULL),
('/muasam/ct-bao-gia-mua-sam/view', 3, NULL, NULL, NULL, 1719540323, 1719540323, NULL),
('/muasam/ct-phieu-mua-sam/*', 3, NULL, NULL, NULL, 1719540322, 1719540322, NULL),
('/muasam/ct-phieu-mua-sam/bulkdelete', 3, NULL, NULL, NULL, 1719540322, 1719540322, NULL),
('/muasam/ct-phieu-mua-sam/create', 3, NULL, NULL, NULL, 1719540323, 1719540323, NULL),
('/muasam/ct-phieu-mua-sam/delete', 3, NULL, NULL, NULL, 1719540322, 1719540322, NULL),
('/muasam/ct-phieu-mua-sam/index', 3, NULL, NULL, NULL, 1719540323, 1719540323, NULL),
('/muasam/ct-phieu-mua-sam/update', 3, NULL, NULL, NULL, 1719540322, 1719540322, NULL),
('/muasam/ct-phieu-mua-sam/view', 3, NULL, NULL, NULL, 1719540323, 1719540323, NULL),
('/muasam/ct-phieu-nhap-hang/*', 3, NULL, NULL, NULL, 1719540322, 1719540322, NULL),
('/muasam/ct-phieu-nhap-hang/bulkdelete', 3, NULL, NULL, NULL, 1719540322, 1719540322, NULL),
('/muasam/ct-phieu-nhap-hang/create', 3, NULL, NULL, NULL, 1719540322, 1719540322, NULL),
('/muasam/ct-phieu-nhap-hang/delete', 3, NULL, NULL, NULL, 1719540322, 1719540322, NULL),
('/muasam/ct-phieu-nhap-hang/index', 3, NULL, NULL, NULL, 1719540322, 1719540322, NULL),
('/muasam/ct-phieu-nhap-hang/update', 3, NULL, NULL, NULL, 1719540322, 1719540322, NULL),
('/muasam/ct-phieu-nhap-hang/view', 3, NULL, NULL, NULL, 1719540322, 1719540322, NULL),
('/muasam/default/*', 3, NULL, NULL, NULL, 1719540322, 1719540322, NULL),
('/muasam/default/index', 3, NULL, NULL, NULL, 1719540322, 1719540322, NULL),
('/muasam/phieu-mua-sam/*', 3, NULL, NULL, NULL, 1719540322, 1719540322, NULL),
('/muasam/phieu-mua-sam/bulkdelete', 3, NULL, NULL, NULL, 1719540322, 1719540322, NULL),
('/muasam/phieu-mua-sam/chi-tiet-phieu-mua-sam', 3, NULL, NULL, NULL, 1719540322, 1719540322, NULL),
('/muasam/phieu-mua-sam/create', 3, NULL, NULL, NULL, 1719540322, 1719540322, NULL),
('/muasam/phieu-mua-sam/delete', 3, NULL, NULL, NULL, 1719540322, 1719540322, NULL),
('/muasam/phieu-mua-sam/duyet-phieu-mua-sam', 3, NULL, NULL, NULL, 1720400010, 1720400010, NULL),
('/muasam/phieu-mua-sam/gui-bao-gia', 3, NULL, NULL, NULL, 1720400010, 1720400010, NULL),
('/muasam/phieu-mua-sam/index', 3, NULL, NULL, NULL, 1719540322, 1719540322, NULL),
('/muasam/phieu-mua-sam/update', 3, NULL, NULL, NULL, 1719540322, 1719540322, NULL),
('/muasam/phieu-mua-sam/view', 3, NULL, NULL, NULL, 1719540322, 1719540322, NULL),
('/muasam/phieu-nhap-hang/*', 3, NULL, NULL, NULL, 1719540322, 1719540322, NULL),
('/muasam/phieu-nhap-hang/bulkdelete', 3, NULL, NULL, NULL, 1719540322, 1719540322, NULL),
('/muasam/phieu-nhap-hang/create', 3, NULL, NULL, NULL, 1719540322, 1719540322, NULL),
('/muasam/phieu-nhap-hang/delete', 3, NULL, NULL, NULL, 1719540322, 1719540322, NULL),
('/muasam/phieu-nhap-hang/index', 3, NULL, NULL, NULL, 1719540322, 1719540322, NULL),
('/muasam/phieu-nhap-hang/update', 3, NULL, NULL, NULL, 1719540322, 1719540322, NULL),
('/muasam/phieu-nhap-hang/view', 3, NULL, NULL, NULL, 1719540322, 1719540322, NULL),
('/serve/*', 3, NULL, NULL, NULL, 1719818474, 1719818474, NULL),
('/serve/index', 3, NULL, NULL, NULL, 1719818474, 1719818474, NULL),
('/suachua/*', 3, NULL, NULL, NULL, 1719540323, 1719540323, NULL),
('/suachua/bao-gia-sua-chua/*', 3, NULL, NULL, NULL, 1719540323, 1719540323, NULL),
('/suachua/bao-gia-sua-chua/bulkdelete', 3, NULL, NULL, NULL, 1719540323, 1719540323, NULL),
('/suachua/bao-gia-sua-chua/create', 3, NULL, NULL, NULL, 1719540323, 1719540323, NULL),
('/suachua/bao-gia-sua-chua/delete', 3, NULL, NULL, NULL, 1719540323, 1719540323, NULL),
('/suachua/bao-gia-sua-chua/index', 3, NULL, NULL, NULL, 1719540323, 1719540323, NULL),
('/suachua/bao-gia-sua-chua/update', 3, NULL, NULL, NULL, 1719540323, 1719540323, NULL),
('/suachua/bao-gia-sua-chua/view', 3, NULL, NULL, NULL, 1719540323, 1719540323, NULL),
('/suachua/ct-bao-gia-sua-chua/*', 3, NULL, NULL, NULL, 1719540323, 1719540323, NULL),
('/suachua/ct-bao-gia-sua-chua/bulkdelete', 3, NULL, NULL, NULL, 1719540323, 1719540323, NULL),
('/suachua/ct-bao-gia-sua-chua/create', 3, NULL, NULL, NULL, 1719540323, 1719540323, NULL),
('/suachua/ct-bao-gia-sua-chua/delete', 3, NULL, NULL, NULL, 1719540323, 1719540323, NULL),
('/suachua/ct-bao-gia-sua-chua/index', 3, NULL, NULL, NULL, 1719540323, 1719540323, NULL),
('/suachua/ct-bao-gia-sua-chua/update', 3, NULL, NULL, NULL, 1719540323, 1719540323, NULL),
('/suachua/ct-bao-gia-sua-chua/view', 3, NULL, NULL, NULL, 1719540323, 1719540323, NULL),
('/suachua/default/*', 3, NULL, NULL, NULL, 1719540323, 1719540323, NULL),
('/suachua/default/index', 3, NULL, NULL, NULL, 1719540323, 1719540323, NULL),
('/suachua/dm-tt-sua-chua/*', 3, NULL, NULL, NULL, 1719540323, 1719540323, NULL),
('/suachua/dm-tt-sua-chua/bulkdelete', 3, NULL, NULL, NULL, 1719540323, 1719540323, NULL),
('/suachua/dm-tt-sua-chua/create', 3, NULL, NULL, NULL, 1719540323, 1719540323, NULL),
('/suachua/dm-tt-sua-chua/delete', 3, NULL, NULL, NULL, 1719540323, 1719540323, NULL),
('/suachua/dm-tt-sua-chua/index', 3, NULL, NULL, NULL, 1719540323, 1719540323, NULL),
('/suachua/dm-tt-sua-chua/update', 3, NULL, NULL, NULL, 1719540323, 1719540323, NULL),
('/suachua/dm-tt-sua-chua/view', 3, NULL, NULL, NULL, 1719540323, 1719540323, NULL),
('/suachua/phieu-sua-chua-vat-tu/*', 3, NULL, NULL, NULL, 1719540323, 1719540323, NULL),
('/suachua/phieu-sua-chua-vat-tu/bulkdelete', 3, NULL, NULL, NULL, 1719540323, 1719540323, NULL),
('/suachua/phieu-sua-chua-vat-tu/create', 3, NULL, NULL, NULL, 1719540323, 1719540323, NULL),
('/suachua/phieu-sua-chua-vat-tu/delete', 3, NULL, NULL, NULL, 1719540323, 1719540323, NULL),
('/suachua/phieu-sua-chua-vat-tu/index', 3, NULL, NULL, NULL, 1719540323, 1719540323, NULL),
('/suachua/phieu-sua-chua-vat-tu/update', 3, NULL, NULL, NULL, 1719540323, 1719540323, NULL),
('/suachua/phieu-sua-chua-vat-tu/view', 3, NULL, NULL, NULL, 1719540323, 1719540323, NULL),
('/suachua/phieu-sua-chua/*', 3, NULL, NULL, NULL, 1719540323, 1719540323, NULL),
('/suachua/phieu-sua-chua/bulkdelete', 3, NULL, NULL, NULL, 1719540323, 1719540323, NULL),
('/suachua/phieu-sua-chua/chi-tiet-phieu-sua-chua', 3, NULL, NULL, NULL, 1719540323, 1719540323, NULL),
('/suachua/phieu-sua-chua/create', 3, NULL, NULL, NULL, 1719540323, 1719540323, NULL),
('/suachua/phieu-sua-chua/delete', 3, NULL, NULL, NULL, 1719540323, 1719540323, NULL),
('/suachua/phieu-sua-chua/index', 3, NULL, NULL, NULL, 1719540323, 1719540323, NULL),
('/suachua/phieu-sua-chua/print-phieu-xuat-kho-view', 3, NULL, NULL, NULL, 1720400010, 1720400010, NULL),
('/suachua/phieu-sua-chua/print-view', 3, NULL, NULL, NULL, 1719540323, 1719540323, NULL),
('/suachua/phieu-sua-chua/update', 3, NULL, NULL, NULL, 1719540323, 1719540323, NULL),
('/suachua/phieu-sua-chua/view', 3, NULL, NULL, NULL, 1719540323, 1719540323, NULL),
('/taisan/*', 3, NULL, NULL, NULL, 1691110097, 1691110097, NULL),
('/taisan/default/*', 3, NULL, NULL, NULL, 1691110097, 1691110097, NULL),
('/taisan/default/index', 3, NULL, NULL, NULL, 1691110097, 1691110097, NULL),
('/taisan/gui-yeu-cau-van-hanh/*', 3, NULL, NULL, NULL, 1719540323, 1719540323, NULL),
('/taisan/gui-yeu-cau-van-hanh/bulkdelete', 3, NULL, NULL, NULL, 1719540323, 1719540323, NULL),
('/taisan/gui-yeu-cau-van-hanh/create', 3, NULL, NULL, NULL, 1719540323, 1719540323, NULL),
('/taisan/gui-yeu-cau-van-hanh/delete', 3, NULL, NULL, NULL, 1719540323, 1719540323, NULL),
('/taisan/gui-yeu-cau-van-hanh/index', 3, NULL, NULL, NULL, 1719540323, 1719540323, NULL),
('/taisan/gui-yeu-cau-van-hanh/send-request', 3, NULL, NULL, NULL, 1719540323, 1719540323, NULL),
('/taisan/gui-yeu-cau-van-hanh/update', 3, NULL, NULL, NULL, 1719540323, 1719540323, NULL),
('/taisan/gui-yeu-cau-van-hanh/view', 3, NULL, NULL, NULL, 1719540323, 1719540323, NULL),
('/taisan/he-thong/*', 3, NULL, NULL, NULL, 1691110097, 1691110097, NULL),
('/taisan/he-thong/bulkdelete', 3, NULL, NULL, NULL, 1691110097, 1691110097, NULL),
('/taisan/he-thong/create', 3, NULL, NULL, NULL, 1691110097, 1691110097, NULL),
('/taisan/he-thong/delete', 3, NULL, NULL, NULL, 1691110097, 1691110097, NULL),
('/taisan/he-thong/index', 3, NULL, NULL, NULL, 1691110097, 1691110097, NULL),
('/taisan/he-thong/list-thiet-bi', 3, NULL, NULL, NULL, 1691110097, 1691110097, NULL),
('/taisan/he-thong/update', 3, NULL, NULL, NULL, 1691110097, 1691110097, NULL),
('/taisan/he-thong/view', 3, NULL, NULL, NULL, 1691110097, 1691110097, NULL),
('/taisan/loai-thiet-bi/*', 3, NULL, NULL, NULL, 1691110097, 1691110097, NULL),
('/taisan/loai-thiet-bi/bulkdelete', 3, NULL, NULL, NULL, 1691110097, 1691110097, NULL),
('/taisan/loai-thiet-bi/create', 3, NULL, NULL, NULL, 1691110097, 1691110097, NULL),
('/taisan/loai-thiet-bi/delete', 3, NULL, NULL, NULL, 1691110097, 1691110097, NULL),
('/taisan/loai-thiet-bi/index', 3, NULL, NULL, NULL, 1691110097, 1691110097, NULL),
('/taisan/loai-thiet-bi/update', 3, NULL, NULL, NULL, 1691110097, 1691110097, NULL),
('/taisan/loai-thiet-bi/view', 3, NULL, NULL, NULL, 1691110097, 1691110097, NULL),
('/taisan/phe-duyet-yeu-cau-van-hanh/*', 3, NULL, NULL, NULL, 1719540323, 1719540323, NULL),
('/taisan/phe-duyet-yeu-cau-van-hanh/approve', 3, NULL, NULL, NULL, 1719540323, 1719540323, NULL),
('/taisan/phe-duyet-yeu-cau-van-hanh/bulkdelete', 3, NULL, NULL, NULL, 1719540323, 1719540323, NULL),
('/taisan/phe-duyet-yeu-cau-van-hanh/delete', 3, NULL, NULL, NULL, 1719540323, 1719540323, NULL),
('/taisan/phe-duyet-yeu-cau-van-hanh/index', 3, NULL, NULL, NULL, 1719540323, 1719540323, NULL),
('/taisan/phe-duyet-yeu-cau-van-hanh/update', 3, NULL, NULL, NULL, 1719540323, 1719540323, NULL),
('/taisan/phe-duyet-yeu-cau-van-hanh/view', 3, NULL, NULL, NULL, 1719540323, 1719540323, NULL),
('/taisan/phieu-tra-thiet-bi/*', 3, NULL, NULL, NULL, 1719540323, 1719540323, NULL),
('/taisan/phieu-tra-thiet-bi/bulkdelete', 3, NULL, NULL, NULL, 1719540323, 1719540323, NULL),
('/taisan/phieu-tra-thiet-bi/create', 3, NULL, NULL, NULL, 1719540323, 1719540323, NULL),
('/taisan/phieu-tra-thiet-bi/delete', 3, NULL, NULL, NULL, 1719540323, 1719540323, NULL),
('/taisan/phieu-tra-thiet-bi/index', 3, NULL, NULL, NULL, 1719540323, 1719540323, NULL),
('/taisan/phieu-tra-thiet-bi/update', 3, NULL, NULL, NULL, 1719540323, 1719540323, NULL),
('/taisan/phieu-tra-thiet-bi/view', 3, NULL, NULL, NULL, 1719540323, 1719540323, NULL),
('/taisan/qr/*', 3, NULL, NULL, NULL, 1691110097, 1691110097, NULL),
('/taisan/qr/in-loai', 3, NULL, NULL, NULL, 1691110097, 1691110097, NULL),
('/taisan/qr/in-qrs', 3, NULL, NULL, NULL, 1691110097, 1691110097, NULL),
('/taisan/theo-doi-van-hanh/*', 3, NULL, NULL, NULL, 1719540323, 1719540323, NULL),
('/taisan/theo-doi-van-hanh/bulkdelete', 3, NULL, NULL, NULL, 1719540323, 1719540323, NULL),
('/taisan/theo-doi-van-hanh/create', 3, NULL, NULL, NULL, 1719540323, 1719540323, NULL),
('/taisan/theo-doi-van-hanh/delete', 3, NULL, NULL, NULL, 1719540323, 1719540323, NULL),
('/taisan/theo-doi-van-hanh/events', 3, NULL, NULL, NULL, 1720400010, 1720400010, NULL),
('/taisan/theo-doi-van-hanh/index', 3, NULL, NULL, NULL, 1719540323, 1719540323, NULL),
('/taisan/theo-doi-van-hanh/update', 3, NULL, NULL, NULL, 1719540323, 1719540323, NULL),
('/taisan/theo-doi-van-hanh/view', 3, NULL, NULL, NULL, 1719540323, 1719540323, NULL),
('/taisan/thiet-bi/*', 3, NULL, NULL, NULL, 1691110097, 1691110097, NULL),
('/taisan/thiet-bi/bulkdelete', 3, NULL, NULL, NULL, 1691110097, 1691110097, NULL),
('/taisan/thiet-bi/copy', 3, NULL, NULL, NULL, 1719540323, 1719540323, NULL),
('/taisan/thiet-bi/create', 3, NULL, NULL, NULL, 1691110097, 1691110097, NULL),
('/taisan/thiet-bi/delete', 3, NULL, NULL, NULL, 1691110097, 1691110097, NULL),
('/taisan/thiet-bi/index', 3, NULL, NULL, NULL, 1691110097, 1691110097, NULL),
('/taisan/thiet-bi/index-bo-phan', 3, NULL, NULL, NULL, 1719540323, 1719540323, NULL),
('/taisan/thiet-bi/index-user', 3, NULL, NULL, NULL, 1719540323, 1719540323, NULL),
('/taisan/thiet-bi/qr-scan', 3, NULL, NULL, NULL, 1691110097, 1691110097, NULL),
('/taisan/thiet-bi/update', 3, NULL, NULL, NULL, 1691110097, 1691110097, NULL),
('/taisan/thiet-bi/view', 3, NULL, NULL, NULL, 1691110097, 1691110097, NULL),
('/taisan/vi-tri/*', 3, NULL, NULL, NULL, 1691110097, 1691110097, NULL),
('/taisan/vi-tri/bulkdelete', 3, NULL, NULL, NULL, 1691110097, 1691110097, NULL),
('/taisan/vi-tri/create', 3, NULL, NULL, NULL, 1691110097, 1691110097, NULL),
('/taisan/vi-tri/delete', 3, NULL, NULL, NULL, 1691110097, 1691110097, NULL),
('/taisan/vi-tri/index', 3, NULL, NULL, NULL, 1691110097, 1691110097, NULL),
('/taisan/vi-tri/update', 3, NULL, NULL, NULL, 1691110097, 1691110097, NULL),
('/taisan/vi-tri/view', 3, NULL, NULL, NULL, 1691110097, 1691110097, NULL),
('/taisan/xuat-yeu-cau-van-hanh/*', 3, NULL, NULL, NULL, 1719540323, 1719540323, NULL),
('/taisan/xuat-yeu-cau-van-hanh/bulkdelete', 3, NULL, NULL, NULL, 1719540323, 1719540323, NULL),
('/taisan/xuat-yeu-cau-van-hanh/create', 3, NULL, NULL, NULL, 1719540323, 1719540323, NULL),
('/taisan/xuat-yeu-cau-van-hanh/delete', 3, NULL, NULL, NULL, 1719540323, 1719540323, NULL),
('/taisan/xuat-yeu-cau-van-hanh/index', 3, NULL, NULL, NULL, 1719540323, 1719540323, NULL),
('/taisan/xuat-yeu-cau-van-hanh/operate', 3, NULL, NULL, NULL, 1719540323, 1719540323, NULL),
('/taisan/xuat-yeu-cau-van-hanh/print-view', 3, NULL, NULL, NULL, 1719540323, 1719540323, NULL),
('/taisan/xuat-yeu-cau-van-hanh/update', 3, NULL, NULL, NULL, 1719540323, 1719540323, NULL),
('/taisan/xuat-yeu-cau-van-hanh/view', 3, NULL, NULL, NULL, 1719540323, 1719540323, NULL),
('/taisan/yeu-cau-van-hanh-ct/*', 3, NULL, NULL, NULL, 1719540323, 1719540323, NULL),
('/taisan/yeu-cau-van-hanh-ct/bulkdelete', 3, NULL, NULL, NULL, 1719540323, 1719540323, NULL),
('/taisan/yeu-cau-van-hanh-ct/create', 3, NULL, NULL, NULL, 1719540323, 1719540323, NULL),
('/taisan/yeu-cau-van-hanh-ct/delete', 3, NULL, NULL, NULL, 1719540323, 1719540323, NULL),
('/taisan/yeu-cau-van-hanh-ct/index', 3, NULL, NULL, NULL, 1719540323, 1719540323, NULL),
('/taisan/yeu-cau-van-hanh-ct/update', 3, NULL, NULL, NULL, 1719540323, 1719540323, NULL),
('/taisan/yeu-cau-van-hanh-ct/view', 3, NULL, NULL, NULL, 1719540323, 1719540323, NULL),
('/taisan/yeu-cau-van-hanh/*', 3, NULL, NULL, NULL, 1719540323, 1719540323, NULL),
('/taisan/yeu-cau-van-hanh/approve', 3, NULL, NULL, NULL, 1720400010, 1720400010, NULL),
('/taisan/yeu-cau-van-hanh/bulkdelete', 3, NULL, NULL, NULL, 1719540323, 1719540323, NULL),
('/taisan/yeu-cau-van-hanh/create', 3, NULL, NULL, NULL, 1719540323, 1719540323, NULL),
('/taisan/yeu-cau-van-hanh/delete', 3, NULL, NULL, NULL, 1719540323, 1719540323, NULL),
('/taisan/yeu-cau-van-hanh/index', 3, NULL, NULL, NULL, 1719540323, 1719540323, NULL),
('/taisan/yeu-cau-van-hanh/operate', 3, NULL, NULL, NULL, 1720400010, 1720400010, NULL),
('/taisan/yeu-cau-van-hanh/print-view', 3, NULL, NULL, NULL, 1720400010, 1720400010, NULL),
('/taisan/yeu-cau-van-hanh/send-request', 3, NULL, NULL, NULL, 1720400010, 1720400010, NULL),
('/taisan/yeu-cau-van-hanh/update', 3, NULL, NULL, NULL, 1719540323, 1719540323, NULL),
('/taisan/yeu-cau-van-hanh/view', 3, NULL, NULL, NULL, 1719540323, 1719540323, NULL),
('/user-management/*', 3, NULL, NULL, NULL, 1689001075, 1689001075, NULL),
('/user/*', 3, NULL, NULL, NULL, 1689123866, 1689123866, NULL),
('/user/auth/*', 3, NULL, NULL, NULL, 1689123866, 1689123866, NULL),
('/user/auth/captcha', 3, NULL, NULL, NULL, 1689123866, 1689123866, NULL),
('/user/auth/change-own-password', 3, NULL, NULL, NULL, 1689123866, 1689123866, NULL),
('/user/auth/confirm-email', 3, NULL, NULL, NULL, 1689123866, 1689123866, NULL),
('/user/auth/confirm-email-receive', 3, NULL, NULL, NULL, 1689123866, 1689123866, NULL),
('/user/auth/confirm-registration-email', 3, NULL, NULL, NULL, 1689123866, 1689123866, NULL),
('/user/auth/login', 3, NULL, NULL, NULL, 1689123866, 1689123866, NULL),
('/user/auth/logout', 3, NULL, NULL, NULL, 1689123866, 1689123866, NULL),
('/user/auth/password-recovery', 3, NULL, NULL, NULL, 1689123866, 1689123866, NULL),
('/user/auth/password-recovery-receive', 3, NULL, NULL, NULL, 1689123866, 1689123866, NULL),
('/user/auth/registration', 3, NULL, NULL, NULL, 1689123866, 1689123866, NULL),
('/user/default/*', 3, NULL, NULL, NULL, 1689123866, 1689123866, NULL),
('/user/default/index', 3, NULL, NULL, NULL, 1689123866, 1689123866, NULL),
('/user/giao-dien/*', 3, NULL, NULL, NULL, 1691110097, 1691110097, NULL),
('/user/giao-dien/index', 3, NULL, NULL, NULL, 1691110097, 1691110097, NULL),
('/user/user-ajax/*', 3, NULL, NULL, NULL, 1689123866, 1689123866, NULL),
('/user/user-ajax/bulkdelete', 3, NULL, NULL, NULL, 1689123866, 1689123866, NULL),
('/user/user-ajax/change-password', 3, NULL, NULL, NULL, 1691110097, 1691110097, NULL),
('/user/user-ajax/create', 3, NULL, NULL, NULL, 1689123866, 1689123866, NULL),
('/user/user-ajax/delete', 3, NULL, NULL, NULL, 1689123866, 1689123866, NULL),
('/user/user-ajax/index', 3, NULL, NULL, NULL, 1689123866, 1689123866, NULL),
('/user/user-ajax/update', 3, NULL, NULL, NULL, 1689123866, 1689123866, NULL),
('/user/user-ajax/view', 3, NULL, NULL, NULL, 1689123866, 1689123866, NULL),
('/user/user-permission/*', 3, NULL, NULL, NULL, 1689123866, 1689123866, NULL),
('/user/user-permission/set', 3, NULL, NULL, NULL, 1689123866, 1689123866, NULL),
('/user/user-permission/set-roles', 3, NULL, NULL, NULL, 1689123866, 1689123866, NULL),
('/user/user/*', 3, NULL, NULL, NULL, 1689123866, 1689123866, NULL),
('/user/user/activity', 3, NULL, NULL, NULL, 1691110097, 1691110097, NULL),
('/user/user/bulk-activate', 3, NULL, NULL, NULL, 1689123866, 1689123866, NULL),
('/user/user/bulk-deactivate', 3, NULL, NULL, NULL, 1689123866, 1689123866, NULL),
('/user/user/bulk-delete', 3, NULL, NULL, NULL, 1689123866, 1689123866, NULL),
('/user/user/change-password', 3, NULL, NULL, NULL, 1689123866, 1689123866, NULL),
('/user/user/create', 3, NULL, NULL, NULL, 1689123866, 1689123866, NULL),
('/user/user/delete', 3, NULL, NULL, NULL, 1689123866, 1689123866, NULL),
('/user/user/grid-page-size', 3, NULL, NULL, NULL, 1689123866, 1689123866, NULL),
('/user/user/grid-sort', 3, NULL, NULL, NULL, 1689123866, 1689123866, NULL),
('/user/user/index', 3, NULL, NULL, NULL, 1689123866, 1689123866, NULL),
('/user/user/toggle-attribute', 3, NULL, NULL, NULL, 1689123866, 1689123866, NULL),
('/user/user/update', 3, NULL, NULL, NULL, 1689123866, 1689123866, NULL),
('/user/user/view', 3, NULL, NULL, NULL, 1689123866, 1689123866, NULL),
('assignRolesToUsers', 2, 'Assign roles to users', NULL, NULL, 1689001075, 1689001075, 'userManagement'),
('bindUserToIp', 2, 'Bind user to IP', NULL, NULL, 1689001075, 1689001075, 'userManagement'),
('changeUserPassword', 2, 'Change user password', NULL, NULL, 1689001075, 1689001075, 'userManagement'),
('commonPermission', 2, 'Common permission', NULL, NULL, 1689001074, 1689001074, NULL),
('createUsers', 2, 'Create users', NULL, NULL, 1689001075, 1689001075, 'userManagement'),
('deleteUsers', 2, 'Delete users', NULL, NULL, 1689001075, 1689001075, 'userManagement'),
('editUserEmail', 2, 'Edit user email', NULL, NULL, 1689001075, 1689001075, 'userManagement'),
('editUsers', 2, 'Edit users', NULL, NULL, 1689001075, 1689001075, 'userManagement'),
('macdinh', 1, 'Mặc định cho tài khoản', NULL, NULL, 1691400067, 1691400067, NULL),
('nQuanLyBoPhan', 1, 'Quản lý Phòng ban - Bộ phận', NULL, NULL, 1691483880, 1691483880, NULL),
('nQuanTriTaiKhoan', 1, 'Quản trị tài khoản người dùng', NULL, NULL, 1691483835, 1691483835, NULL),
('qSuaTaiKhoan', 2, 'Sửa tài khoản', NULL, NULL, 1689124200, 1691399360, 'accountsManage'),
('qThayDoiMatKhauCaNhan', 2, 'Thay đổi mật khẩu cá nhân', NULL, NULL, 1691109892, 1691399740, 'userCommonPermissions'),
('qThemTaiKhoan', 2, 'Thêm tài khoản', NULL, NULL, 1689123863, 1691399351, 'accountsManage'),
('qXemTaiKhoan', 2, 'Xem tài khoản', NULL, NULL, 1689124249, 1691399377, 'accountsManage'),
('qXoaTaiKhoan', 2, 'Xóa tài khoản', NULL, NULL, 1689124228, 1691399369, 'accountsManage'),
('user_1_', 1, 'Quyền tùy chỉnh cho user superadmin', NULL, NULL, 1691396390, 1691396390, NULL),
('viewRegistrationIp', 2, 'View registration IP', NULL, NULL, 1689001075, 1689001075, 'userManagement'),
('viewUserEmail', 2, 'View user email', NULL, NULL, 1689001075, 1689001075, 'userManagement'),
('viewUserRoles', 2, 'View user roles', NULL, NULL, 1689001075, 1689001075, 'userManagement'),
('viewUsers', 2, 'View users', NULL, NULL, 1689001075, 1689001075, 'userManagement'),
('viewVisitLog', 2, 'View visit log', NULL, NULL, 1689001075, 1689001075, 'userManagement');

-- --------------------------------------------------------

--
-- Table structure for table `auth_item_child`
--

DROP TABLE IF EXISTS `auth_item_child`;
CREATE TABLE IF NOT EXISTS `auth_item_child` (
  `parent` varchar(64) NOT NULL,
  `child` varchar(64) NOT NULL,
  PRIMARY KEY (`parent`,`child`),
  KEY `child` (`child`)
) ENGINE=InnoDB DEFAULT CHARSET=utf8;

--
-- Dumping data for table `auth_item_child`
--

INSERT INTO `auth_item_child` (`parent`, `child`) VALUES
('qThayDoiMatKhauCaNhan', '/user/auth/change-own-password'),
('qXoaTaiKhoan', '/user/user-ajax/bulkdelete'),
('qThemTaiKhoan', '/user/user-ajax/create'),
('qXoaTaiKhoan', '/user/user-ajax/delete'),
('qXemTaiKhoan', '/user/user-ajax/index'),
('qSuaTaiKhoan', '/user/user-ajax/update'),
('qXemTaiKhoan', '/user/user-ajax/view'),
('nQuanTriTaiKhoan', 'qSuaTaiKhoan'),
('macdinh', 'qThayDoiMatKhauCaNhan'),
('nQuanTriTaiKhoan', 'qThemTaiKhoan'),
('nQuanTriTaiKhoan', 'qXemTaiKhoan'),
('qSuaTaiKhoan', 'qXemTaiKhoan'),
('qThemTaiKhoan', 'qXemTaiKhoan'),
('qXoaTaiKhoan', 'qXemTaiKhoan'),
('nQuanTriTaiKhoan', 'qXoaTaiKhoan'),
('editUserEmail', 'viewUserEmail'),
('assignRolesToUsers', 'viewUserRoles'),
('assignRolesToUsers', 'viewUsers'),
('changeUserPassword', 'viewUsers'),
('createUsers', 'viewUsers'),
('deleteUsers', 'viewUsers'),
('editUsers', 'viewUsers');

-- --------------------------------------------------------

--
-- Table structure for table `auth_item_group`
--

DROP TABLE IF EXISTS `auth_item_group`;
CREATE TABLE IF NOT EXISTS `auth_item_group` (
  `code` varchar(64) NOT NULL,
  `name` varchar(255) NOT NULL,
  `created_at` int(11) DEFAULT NULL,
  `updated_at` int(11) DEFAULT NULL,
  PRIMARY KEY (`code`)
) ENGINE=InnoDB DEFAULT CHARSET=utf8;

--
-- Dumping data for table `auth_item_group`
--

INSERT INTO `auth_item_group` (`code`, `name`, `created_at`, `updated_at`) VALUES
('accountsManage', 'Quản trị tài khoản người dùng', NULL, NULL),
('quanLyBaoTri', 'Quản lý Bảo trì - Bảo dưỡng', 1719909498, 1719909498),
('quanLyBoPhan', 'Quản lý Phòng ban - Bộ phận', NULL, NULL),
('quanLyDanhMuc', 'Quản lý danh mục', NULL, NULL),
('quanLyDieuChuyenThietBi', 'Quản lý điều chuyển thiết bị', 1720400010, 1720400010),
('quanLyDmVatTu', 'Quản lý danh mục vật tư kho', 1719540322, 1719540322),
('quanLyDoiTac', 'Quản lý đối tác', NULL, NULL),
('quanLyHeThongThietBi', 'Quản lý hệ thống thiết bị', NULL, NULL),
('quanLyKhoLuuTru', 'Quản lý kho lưu trữ', NULL, NULL),
('quanLyLoaiThietBi', 'Quản lý loại thiết bị', NULL, NULL),
('quanLyNhanVien', 'Quản lý nhân viên', NULL, NULL),
('quanLyPhieuMuaSam', 'Quản lý phiếu mua sắm', 1719540323, 1719540323),
('quanLyPhieuSuaChua', 'Quản lý phiếu sửa chữa', 1719540322, 1719540322),
('quanLyTaiSan', 'Quản lý tài sản', NULL, NULL),
('quanLyViTri', 'Quản lý vị trí', NULL, NULL),
('userCommonPermissions', 'Quyền cho tài khoản', 1689001075, 1689001075),
('userManagement', 'User management', 1689001075, 1689001075);

-- --------------------------------------------------------

--
-- Table structure for table `auth_rule`
--

DROP TABLE IF EXISTS `auth_rule`;
CREATE TABLE IF NOT EXISTS `auth_rule` (
  `name` varchar(64) NOT NULL,
  `data` text,
  `created_at` int(11) DEFAULT NULL,
  `updated_at` int(11) DEFAULT NULL,
  PRIMARY KEY (`name`)
) ENGINE=InnoDB DEFAULT CHARSET=utf8;

-- --------------------------------------------------------

--
-- Table structure for table `migration`
--

DROP TABLE IF EXISTS `migration`;
CREATE TABLE IF NOT EXISTS `migration` (
  `version` varchar(180) COLLATE utf8_unicode_ci NOT NULL,
  `apply_time` int(11) DEFAULT NULL,
  PRIMARY KEY (`version`)
) ENGINE=InnoDB DEFAULT CHARSET=utf8 COLLATE=utf8_unicode_ci;

--
-- Dumping data for table `migration`
--

INSERT INTO `migration` (`version`, `apply_time`) VALUES
('m000000_000000_base', 1715086910),
('m140608_173539_create_user_table', 1715087511),
('m140611_133903_init_rbac', 1715087511),
('m140808_073114_create_auth_item_group_table', 1715087511),
('m140809_072112_insert_superadmin_to_user', 1715087512),
('m140809_073114_insert_common_permisison_to_auth_item', 1715087513),
('m141023_141535_create_user_visit_log', 1715087513),
('m141116_115804_add_bind_to_ip_and_registration_ip_to_user', 1715087513),
('m141121_194858_split_browser_and_os_column', 1715087513),
('m141201_220516_add_email_and_email_confirmed_to_user', 1715087514),
('m141207_001649_create_basic_user_permissions', 1715087515),
('m240425_125048_create_table_ts_bo_phan', 1715086916),
('m240425_125150_create_table_ts_nhom_doi_tac', 1715087124),
('m240425_125859_create_table_ts_doi_tac', 1715087124),
('m240425_130703_create_table_ts_he_thong', 1715087124),
('m240425_131223_create_table_ts_hinh_anh', 1715087124),
('m240426_071111_create_table_ts_history', 1715087124),
('m240426_071910_create_table_ts_loai_bao_tri', 1715087124),
('m240426_072759_create_table_ts_loai_thiet_bi', 1715087125),
('m240426_073138_create_table_ts_lop_hu_hong', 1715087125),
('m240426_073957_create_table_ts_tai_lieu', 1715087125),
('m240426_074321_create_table_ts_nhan_vien', 1715087125),
('m240426_075023_create_table_ts_thiet_bi', 1715087125),
('m240426_081552_create_table_ts_vi_tri', 1715087125),
('m240507_125221_create_table_ts_kho_luu_tru', 1715087125),
('m240507_125934_create_table_ts_ke_hoach_bao_tri', 1715090877),
('m240507_131512_create_table_ts_nhan_vien_kho', 1715090877),
('m240507_132108_create_table_ts_dm_tt_sua_chua', 1719540321),
('m240507_133250_create_table_ts_phieu_sua_chua', 1719540321),
('m240507_133739_create_table_ts_bao_gia_sua_chua', 1719540321),
('m240507_134644_create_table_ts_ct_bao_gia_sua_chua', 1719540321),
('m240507_135522_create_table_ts_dm_vat_tu', 1719540321),
('m240507_140256_create_table_ts_phieu_sua_chua_vat_tu', 1719540321),
('m240514_164146_create_table_ts_yeu_cau_van_hanh', 1719540322),
('m240521_134158_create_table_ts_yeu_cau_van_hanh_ct', 1719540322),
('m240524_081934_create_ts_lich_su_vat_tu_table', 1719540322),
('m240525_133847_add_hang_san_xuat_to_ts_dm_vat_tu_table', 1719540322),
('m240525_151020_add_dia_chi_to_ts_phieu_sua_chua_table', 1719540322),
('m240528_130019_insert_auth_item_group_data', 1719540322),
('m240528_132744_insert_auth_item_data', 1719540322),
('m240528_140354_insert_auth_item_child_data', 1719540323),
('m240528_150329_insert_role_data', 1719540323),
('m240530_142201_create_table_ts_phieu_tra_thiet_bi', 1719540323),
('m240530_142214_create_table_ts_phieu_tra_thiet_bi_ct', 1719540323),
('m240530_142911_add_ngay_tra_thuc_te_to_ts_yeu_cau_van_hanh_ct_table', 1719540323),
('m240605_033243_create_table_ts_phieu_bao_tri', 1719540323),
('m240608_135228_create_table_ts_phieu_mua_sam', 1719540323),
('m240608_135627_create_table_ts_ct_phieu_mua_sam', 1719540323),
('m240608_140316_create_table_ts_bao_gia_mua_sam', 1719540323),
('m240608_141941_create_table_ts_ct_bao_gia_mua_sam', 1719540323),
('m240608_143038_create_table_ts_phieu_nhap_hang', 1719540323),
('m240608_144012_create_table_ts_ct_phieu_nhap_hang', 1719540323),
('m240624_020135_add_columns_to_ts_phieu_mua_sam', 1719540323),
('m240625_125934_alter_table_ts_ke_hoach_bao_tri', 1719540323),
('m240626_133402_insert_auth_item_group_data_muasam', 1719540323),
('m240626_133429_insert_auth_item_data_muasam', 1719540323),
('m240626_133500_insert_auth_item_child_data_muasam', 1719540323),
('m240626_133532_insert_role_data_muasam', 1719540323),
('m240628_125934_alter_table_ts_ke_hoach_bao_tri', 1719541744),
('m240629_142900_create_ts_dm_dv_bao_gia_table', 1720400008),
('m240629_143449_add_id_dv_bao_gia_column_to_ts_bao_gia_sua_chua', 1720400008),
('m240630_142254_add_id_dv_bao_gia_column_to_ts_bao_gia_mua_sam', 1720400008),
('m240701_133429_insert_auth_item_data_thietbi', 1719818473),
('m240701_133500_insert_auth_item_child_data_thietbi', 1719818474),
('m240701_150744_add_la_dv_sua_chua_column_to_ts_bo_phan', 1720400008),
('m240701_153319_add_id_tt_mua_sam_column_to_ts_phieu_mua_sam', 1720400008),
('m240702_133402_insert_auth_item_group_data_baotri', 1719909498),
('m240702_133429_insert_auth_item_data_baotri', 1719909498),
('m240702_133500_insert_auth_item_child_data_baotri', 1719909498),
('m240702_133532_insert_role_data_baotri', 1719909498),
('m240705_151358_add_danh_gia_columns_to_ts_phieu_sua_chua', 1720400009),
('m240706_145018_insert_auth_item_child_data_sua_chua', 1720400010),
('m240706_150956_insert_auth_item_child_data_mua_sam', 1720400010),
('m240707_210044_add_nguoi_nhan_to_phieu_tra_thiet_bi', 1720400010),
('m240707_212751_insert_auth_item_group_data_dieuchuyen', 1720400010),
('m240707_212808_insert_auth_item_data_dieuchuyen', 1720400010),
('m240707_212822_insert_auth_item_child_data_dieuchuyen', 1720400010),
('m240707_212848_insert_role_data_dieuchuyen', 1720400010);

-- --------------------------------------------------------

--
-- Table structure for table `user`
--

DROP TABLE IF EXISTS `user`;
CREATE TABLE IF NOT EXISTS `user` (
  `id` int(11) NOT NULL AUTO_INCREMENT,
  `username` varchar(255) NOT NULL,
  `auth_key` varchar(32) NOT NULL,
  `password_hash` varchar(255) NOT NULL,
  `confirmation_token` varchar(255) DEFAULT NULL,
  `status` int(11) NOT NULL DEFAULT '1',
  `superadmin` smallint(6) DEFAULT '0',
  `created_at` int(11) NOT NULL,
  `updated_at` int(11) NOT NULL,
  `registration_ip` varchar(15) DEFAULT NULL,
  `bind_to_ip` varchar(255) DEFAULT NULL,
  `email` varchar(128) DEFAULT NULL,
  `email_confirmed` smallint(6) NOT NULL DEFAULT '0',
  PRIMARY KEY (`id`)
) ENGINE=InnoDB AUTO_INCREMENT=19 DEFAULT CHARSET=utf8;

--
-- Dumping data for table `user`
--

INSERT INTO `user` (`id`, `username`, `auth_key`, `password_hash`, `confirmation_token`, `status`, `superadmin`, `created_at`, `updated_at`, `registration_ip`, `bind_to_ip`, `email`, `email_confirmed`) VALUES
(1, 'superadmin', 'Eh3yGaY9ys2CN7vmFwgJmN1aRu6aaUed', '$2y$13$PSqrfHBcnSig7v3YlWjRG.V5cNWTcCXAvTzS0YNyxudFgkfb91T0W', NULL, 1, 1, 1689001074, 1691109648, NULL, '', '', 0);

-- --------------------------------------------------------

--
-- Table structure for table `user_visit_log`
--

DROP TABLE IF EXISTS `user_visit_log`;
CREATE TABLE IF NOT EXISTS `user_visit_log` (
  `id` int(11) NOT NULL AUTO_INCREMENT,
  `token` varchar(255) NOT NULL,
  `ip` varchar(15) NOT NULL,
  `language` char(2) NOT NULL,
  `user_agent` varchar(255) NOT NULL,
  `user_id` int(11) DEFAULT NULL,
  `visit_time` int(11) NOT NULL,
  `browser` varchar(30) DEFAULT NULL,
  `os` varchar(20) DEFAULT NULL,
  PRIMARY KEY (`id`),
  KEY `user_id` (`user_id`)
) ENGINE=InnoDB AUTO_INCREMENT=145 DEFAULT CHARSET=utf8;

--
-- Dumping data for table `user_visit_log`
--

INSERT INTO `user_visit_log` (`id`, `token`, `ip`, `language`, `user_agent`, `user_id`, `visit_time`, `browser`, `os`) VALUES
(1, '64ac1d37ca7e3', '127.0.0.1', 'en', 'Mozilla/5.0 (Windows NT 10.0; Win64; x64) AppleWebKit/537.36 (KHTML, like Gecko) Chrome/114.0.0.0 Safari/537.36', 1, 1689001271, 'Chrome', 'Windows'),
(2, '64acb3bed5ec5', '::1', 'en', 'Mozilla/5.0 (Windows NT 10.0; Win64; x64) AppleWebKit/537.36 (KHTML, like Gecko) Chrome/114.0.0.0 Safari/537.36', 1, 1689039806, 'Chrome', 'Windows'),
(3, '64acb70d6a873', '::1', 'en', 'Mozilla/5.0 (Windows NT 10.0; Win64; x64) AppleWebKit/537.36 (KHTML, like Gecko) Chrome/114.0.0.0 Safari/537.36', 1, 1689040653, 'Chrome', 'Windows'),
(4, '64acb737330e5', '::1', 'en', 'Mozilla/5.0 (Windows NT 10.0; Win64; x64) AppleWebKit/537.36 (KHTML, like Gecko) Chrome/114.0.0.0 Safari/537.36', 1, 1689040695, 'Chrome', 'Windows'),
(5, '64acb7fcc2409', '::1', 'en', 'Mozilla/5.0 (Windows NT 10.0; Win64; x64) AppleWebKit/537.36 (KHTML, like Gecko) Chrome/114.0.0.0 Safari/537.36', 1, 1689040892, 'Chrome', 'Windows'),
(6, '64acc05a22083', '::1', 'en', 'Mozilla/5.0 (Windows NT 10.0; Win64; x64) AppleWebKit/537.36 (KHTML, like Gecko) Chrome/114.0.0.0 Safari/537.36', 1, 1689043034, 'Chrome', 'Windows'),
(7, '64acc2c941e0d', '::1', 'en', 'Mozilla/5.0 (Windows NT 10.0; Win64; x64) AppleWebKit/537.36 (KHTML, like Gecko) Chrome/114.0.0.0 Safari/537.36', 1, 1689043657, 'Chrome', 'Windows'),
(8, '64acc2d28c346', '::1', 'en', 'Mozilla/5.0 (Windows NT 10.0; Win64; x64) AppleWebKit/537.36 (KHTML, like Gecko) Chrome/114.0.0.0 Safari/537.36', 1, 1689043666, 'Chrome', 'Windows'),
(9, '64acc33e167a7', '::1', 'en', 'Mozilla/5.0 (Windows NT 10.0; Win64; x64) AppleWebKit/537.36 (KHTML, like Gecko) Chrome/114.0.0.0 Safari/537.36', 1, 1689043774, 'Chrome', 'Windows'),
(10, '64acc486d2377', '::1', 'en', 'Mozilla/5.0 (Windows NT 10.0; Win64; x64) AppleWebKit/537.36 (KHTML, like Gecko) Chrome/114.0.0.0 Safari/537.36', 1, 1689044102, 'Chrome', 'Windows'),
(11, '64acc508bccd5', '::1', 'en', 'Mozilla/5.0 (Windows NT 10.0; Win64; x64) AppleWebKit/537.36 (KHTML, like Gecko) Chrome/114.0.0.0 Safari/537.36', 1, 1689044232, 'Chrome', 'Windows'),
(12, '64acc7abc6b9a', '::1', 'en', 'Mozilla/5.0 (Windows NT 10.0; Win64; x64) AppleWebKit/537.36 (KHTML, like Gecko) Chrome/114.0.0.0 Safari/537.36', 1, 1689044907, 'Chrome', 'Windows'),
(13, '64acc81c9c590', '::1', 'en', 'Mozilla/5.0 (Windows NT 10.0; Win64; x64) AppleWebKit/537.36 (KHTML, like Gecko) Chrome/114.0.0.0 Safari/537.36', 1, 1689045020, 'Chrome', 'Windows'),
(14, '64acfaedbf81a', '::1', 'en', 'Mozilla/5.0 (Windows NT 10.0; Win64; x64) AppleWebKit/537.36 (KHTML, like Gecko) Chrome/114.0.0.0 Safari/537.36', 1, 1689058029, 'Chrome', 'Windows'),
(15, '64ad1150dd4b2', '::1', 'en', 'Mozilla/5.0 (Windows NT 10.0; Win64; x64) AppleWebKit/537.36 (KHTML, like Gecko) Chrome/114.0.0.0 Safari/537.36', 1, 1689063760, 'Chrome', 'Windows'),
(16, '64adf89b3beee', '::1', 'en', 'Mozilla/5.0 (Windows NT 10.0; Win64; x64) AppleWebKit/537.36 (KHTML, like Gecko) Chrome/114.0.0.0 Safari/537.36', 1, 1689122971, 'Chrome', 'Windows'),
(17, '64ae020475511', '::1', 'en', 'Mozilla/5.0 (Windows NT 10.0; Win64; x64) AppleWebKit/537.36 (KHTML, like Gecko) Chrome/114.0.0.0 Safari/537.36', 1, 1689125380, 'Chrome', 'Windows'),
(18, '64af6c8ea9c89', '::1', 'en', 'Mozilla/5.0 (Windows NT 10.0; Win64; x64) AppleWebKit/537.36 (KHTML, like Gecko) Chrome/114.0.0.0 Safari/537.36', 1, 1689218190, 'Chrome', 'Windows'),
(19, '64b4a3b7820cf', '::1', 'en', 'Mozilla/5.0 (Windows NT 10.0; Win64; x64) AppleWebKit/537.36 (KHTML, like Gecko) Chrome/114.0.0.0 Safari/537.36', 1, 1689559991, 'Chrome', 'Windows'),
(20, '64b5e052360a0', '::1', 'en', 'Mozilla/5.0 (Windows NT 10.0; Win64; x64) AppleWebKit/537.36 (KHTML, like Gecko) Chrome/114.0.0.0 Safari/537.36', 1, 1689641042, 'Chrome', 'Windows'),
(21, '64b636f76975e', '::1', 'en', 'Mozilla/5.0 (Windows NT 10.0; Win64; x64) AppleWebKit/537.36 (KHTML, like Gecko) Chrome/114.0.0.0 Safari/537.36', 1, 1689663223, 'Chrome', 'Windows'),
(22, '64b63aafc1b02', '::1', 'en', 'Mozilla/5.0 (Windows NT 10.0; Win64; x64) AppleWebKit/537.36 (KHTML, like Gecko) Chrome/114.0.0.0 Safari/537.36', 1, 1689664175, 'Chrome', 'Windows'),
(23, '64b885dc0428b', '::1', 'en', 'Mozilla/5.0 (Windows NT 10.0; Win64; x64) AppleWebKit/537.36 (KHTML, like Gecko) Chrome/114.0.0.0 Safari/537.36', 1, 1689814492, 'Chrome', 'Windows'),
(24, '64b8e9535ecd9', '::1', 'en', 'Mozilla/5.0 (Windows NT 10.0; Win64; x64) AppleWebKit/537.36 (KHTML, like Gecko) Chrome/114.0.0.0 Safari/537.36', 1, 1689839955, 'Chrome', 'Windows'),
(25, '64b9d53d212f0', '::1', 'en', 'Mozilla/5.0 (Windows NT 10.0; Win64; x64) AppleWebKit/537.36 (KHTML, like Gecko) Chrome/114.0.0.0 Safari/537.36', 1, 1689900349, 'Chrome', 'Windows'),
(26, '64b9dba7de6fb', '::1', 'en', 'Mozilla/5.0 (Windows NT 10.0; Win64; x64) AppleWebKit/537.36 (KHTML, like Gecko) Chrome/114.0.0.0 Safari/537.36', NULL, 1689901991, 'Chrome', 'Windows'),
(27, '64b9de5bcea89', '::1', 'en', 'Mozilla/5.0 (Windows NT 10.0; Win64; x64) AppleWebKit/537.36 (KHTML, like Gecko) Chrome/114.0.0.0 Safari/537.36', NULL, 1689902683, 'Chrome', 'Windows'),
(28, '64bb4c7662ea6', '::1', 'en', 'Mozilla/5.0 (Windows NT 10.0; Win64; x64) AppleWebKit/537.36 (KHTML, like Gecko) Chrome/114.0.0.0 Safari/537.36', 1, 1689996406, 'Chrome', 'Windows'),
(29, '64be1ea575fd9', '::1', 'en', 'Mozilla/5.0 (Windows NT 10.0; Win64; x64) AppleWebKit/537.36 (KHTML, like Gecko) Chrome/114.0.0.0 Safari/537.36', 1, 1690181285, 'Chrome', 'Windows'),
(30, '64bf34abd0975', '::1', 'en', 'Mozilla/5.0 (Windows NT 10.0; Win64; x64) AppleWebKit/537.36 (KHTML, like Gecko) Chrome/114.0.0.0 Safari/537.36', 1, 1690252459, 'Chrome', 'Windows'),
(31, '64bf41e58e7c4', '::1', 'en', 'Mozilla/5.0 (Windows NT 10.0; Win64; x64) AppleWebKit/537.36 (KHTML, like Gecko) Chrome/114.0.0.0 Safari/537.36', 1, 1690255845, 'Chrome', 'Windows'),
(32, '64bf8ea9678e0', '::1', 'en', 'Mozilla/5.0 (Windows NT 10.0; Win64; x64) AppleWebKit/537.36 (KHTML, like Gecko) Chrome/114.0.0.0 Safari/537.36', 1, 1690275497, 'Chrome', 'Windows'),
(33, '64bf9ab95a8fb', '::1', 'en', 'Mozilla/5.0 (Windows NT 10.0; Win64; x64) AppleWebKit/537.36 (KHTML, like Gecko) Chrome/114.0.0.0 Safari/537.36', 1, 1690278585, 'Chrome', 'Windows'),
(34, '64c06dfd7e0ec', '::1', 'en', 'Mozilla/5.0 (Windows NT 10.0; Win64; x64) AppleWebKit/537.36 (KHTML, like Gecko) Chrome/114.0.0.0 Safari/537.36', 1, 1690332669, 'Chrome', 'Windows'),
(35, '64c1be391be67', '::1', 'en', 'Mozilla/5.0 (Windows NT 10.0; Win64; x64) AppleWebKit/537.36 (KHTML, like Gecko) Chrome/114.0.0.0 Safari/537.36', 1, 1690418745, 'Chrome', 'Windows'),
(36, '64c21d8b3f7d8', '::1', 'en', 'Mozilla/5.0 (Windows NT 10.0; Win64; x64) AppleWebKit/537.36 (KHTML, like Gecko) Chrome/114.0.0.0 Safari/537.36', 1, 1690443147, 'Chrome', 'Windows'),
(37, '64c23d7a05552', '::1', 'en', 'Mozilla/5.0 (Windows NT 10.0; Win64; x64) AppleWebKit/537.36 (KHTML, like Gecko) Chrome/114.0.0.0 Safari/537.36', 1, 1690451322, 'Chrome', 'Windows'),
(38, '64c3262e4f893', '::1', 'en', 'Mozilla/5.0 (Windows NT 10.0; Win64; x64) AppleWebKit/537.36 (KHTML, like Gecko) Chrome/115.0.0.0 Safari/537.36', 1, 1690510894, 'Chrome', 'Windows'),
(39, '64c370d624b2e', '::1', 'en', 'Mozilla/5.0 (Windows NT 10.0; Win64; x64) AppleWebKit/537.36 (KHTML, like Gecko) Chrome/115.0.0.0 Safari/537.36', 1, 1690530006, 'Chrome', 'Windows'),
(40, '64c474e113efd', '::1', 'en', 'Mozilla/5.0 (Windows NT 10.0; Win64; x64) AppleWebKit/537.36 (KHTML, like Gecko) Chrome/115.0.0.0 Safari/537.36', 1, 1690596577, 'Chrome', 'Windows'),
(41, '64c7059d5721c', '::1', 'en', 'Mozilla/5.0 (Windows NT 10.0; Win64; x64) AppleWebKit/537.36 (KHTML, like Gecko) Chrome/115.0.0.0 Safari/537.36', 1, 1690764701, 'Chrome', 'Windows'),
(42, '64c85241bfc7f', '::1', 'en', 'Mozilla/5.0 (Windows NT 10.0; Win64; x64) AppleWebKit/537.36 (KHTML, like Gecko) Chrome/115.0.0.0 Safari/537.36', 1, 1690849857, 'Chrome', 'Windows'),
(43, '64c9a0ec86c54', '::1', 'en', 'Mozilla/5.0 (Windows NT 10.0; Win64; x64) AppleWebKit/537.36 (KHTML, like Gecko) Chrome/115.0.0.0 Safari/537.36', 1, 1690935532, 'Chrome', 'Windows'),
(44, '64caf5e13a179', '::1', 'en', 'Mozilla/5.0 (Windows NT 10.0; Win64; x64) AppleWebKit/537.36 (KHTML, like Gecko) Chrome/115.0.0.0 Safari/537.36', 1, 1691022817, 'Chrome', 'Windows'),
(45, '64cb56ed5789c', '::1', 'en', 'Mozilla/5.0 (Windows NT 10.0; Win64; x64) AppleWebKit/537.36 (KHTML, like Gecko) Chrome/115.0.0.0 Safari/537.36', 1, 1691047661, 'Chrome', 'Windows'),
(46, '64cb57fa7db2b', '::1', 'en', 'Mozilla/5.0 (Windows NT 10.0; Win64; x64) AppleWebKit/537.36 (KHTML, like Gecko) Chrome/115.0.0.0 Safari/537.36', 1, 1691047930, 'Chrome', 'Windows'),
(47, '64cb733645510', '::1', 'en', 'Mozilla/5.0 (Windows NT 10.0; Win64; x64) AppleWebKit/537.36 (KHTML, like Gecko) Chrome/115.0.0.0 Safari/537.36', 1, 1691054902, 'Chrome', 'Windows'),
(48, '64cc47e9353b2', '::1', 'en', 'Mozilla/5.0 (Windows NT 10.0; Win64; x64) AppleWebKit/537.36 (KHTML, like Gecko) Chrome/115.0.0.0 Safari/537.36', 1, 1691109353, 'Chrome', 'Windows'),
(49, '64cc48e552ee3', '::1', 'en', 'Mozilla/5.0 (Windows NT 10.0; Win64; x64) AppleWebKit/537.36 (KHTML, like Gecko) Chrome/115.0.0.0 Safari/537.36', NULL, 1691109605, 'Chrome', 'Windows'),
(50, '64cc490102635', '::1', 'en', 'Mozilla/5.0 (Windows NT 10.0; Win64; x64) AppleWebKit/537.36 (KHTML, like Gecko) Chrome/115.0.0.0 Safari/537.36', 1, 1691109633, 'Chrome', 'Windows'),
(51, '64cc4b05ecb90', '::1', 'en', 'Mozilla/5.0 (Windows NT 10.0; Win64; x64) AppleWebKit/537.36 (KHTML, like Gecko) Chrome/115.0.0.0 Safari/537.36', NULL, 1691110149, 'Chrome', 'Windows'),
(52, '64ccaac9edc42', '::1', 'en', 'Mozilla/5.0 (Windows NT 10.0; Win64; x64) AppleWebKit/537.36 (KHTML, like Gecko) Chrome/115.0.0.0 Safari/537.36', 1, 1691134665, 'Chrome', 'Windows'),
(53, '64cda83434a78', '::1', 'en', 'Mozilla/5.0 (Windows NT 10.0; Win64; x64) AppleWebKit/537.36 (KHTML, like Gecko) Chrome/115.0.0.0 Safari/537.36', 1, 1691199540, 'Chrome', 'Windows'),
(54, '64d041b1b9263', '::1', 'en', 'Mozilla/5.0 (Windows NT 10.0; Win64; x64) AppleWebKit/537.36 (KHTML, like Gecko) Chrome/115.0.0.0 Safari/537.36', 1, 1691369905, 'Chrome', 'Windows'),
(55, '64d0595fa5457', '::1', 'en', 'Mozilla/5.0 (Windows NT 10.0; Win64; x64) AppleWebKit/537.36 (KHTML, like Gecko) Chrome/115.0.0.0 Safari/537.36', NULL, 1691375967, 'Chrome', 'Windows'),
(56, '64d1040d65d53', '127.0.0.1', 'en', 'Mozilla/5.0 (Windows NT 10.0; Win64; x64) AppleWebKit/537.36 (KHTML, like Gecko) Chrome/115.0.0.0 Safari/537.36', 1, 1691419661, 'Chrome', 'Windows'),
(57, '64d1f03bbf342', '::1', 'en', 'Mozilla/5.0 (Windows NT 10.0; Win64; x64) AppleWebKit/537.36 (KHTML, like Gecko) Chrome/115.0.0.0 Safari/537.36', 1, 1691480123, 'Chrome', 'Windows'),
(58, '64effad392ecb', '113.161.235.252', 'en', 'Mozilla/5.0 (Macintosh; Intel Mac OS X 10_15_7) AppleWebKit/605.1.15 (KHTML, like Gecko) Version/16.6 Safari/605.1.15', 1, 1693448915, 'Safari', 'mac'),
(59, '64f53bf332a0c', '203.162.87.76', 'vi', 'Mozilla/5.0 (iPhone; CPU iPhone OS 16_6 like Mac OS X) AppleWebKit/605.1.15 (KHTML, like Gecko) Version/16.6 Mobile/15E148 Safari/604.1', 1, 1693793267, 'iPhone', 'iPhone'),
(60, '6576ad7b0b7f9', '115.74.244.101', 'vi', 'Mozilla/5.0 (Windows NT 10.0; Win64; x64) AppleWebKit/537.36 (KHTML, like Gecko) Chrome/120.0.0.0 Safari/537.36', 1, 1702276475, 'Chrome', 'Windows'),
(61, '6576c5484063b', '::1', 'vi', 'Mozilla/5.0 (Windows NT 10.0; Win64; x64) AppleWebKit/537.36 (KHTML, like Gecko) Chrome/120.0.0.0 Safari/537.36', 1, 1702282568, 'Chrome', 'Windows'),
(62, '659ceded68e5a', '113.161.235.252', 'en', 'Mozilla/5.0 (Windows NT 10.0; Win64; x64) AppleWebKit/537.36 (KHTML, like Gecko) Chrome/120.0.0.0 Safari/537.36', 1, 1704783341, 'Chrome', 'Windows'),
(63, '659d0c8239e73', '27.71.98.107', 'en', 'Mozilla/5.0 (Windows NT 10.0; Win64; x64) AppleWebKit/537.36 (KHTML, like Gecko) Chrome/120.0.0.0 Safari/537.36', 1, 1704791170, 'Chrome', 'Windows'),
(64, '659d0e260e79f', '113.161.235.252', 'en', 'Mozilla/5.0 (Windows NT 10.0; Win64; x64) AppleWebKit/537.36 (KHTML, like Gecko) Chrome/120.0.0.0 Safari/537.36', 1, 1704791590, 'Chrome', 'Windows'),
(65, '659e36e331e6e', '115.74.244.101', 'en', 'Mozilla/5.0 (Macintosh; Intel Mac OS X 10_15_7) AppleWebKit/537.36 (KHTML, like Gecko) Chrome/119.0.0.0 Safari/537.36', 1, 1704867555, 'Chrome', 'mac'),
(66, '659e36e378110', '115.74.244.101', 'en', 'Mozilla/5.0 (Macintosh; Intel Mac OS X 10_15_7) AppleWebKit/537.36 (KHTML, like Gecko) Chrome/119.0.0.0 Safari/537.36', 1, 1704867555, 'Chrome', 'mac'),
(67, '65bb60666e947', '116.102.113.25', 'vi', 'Mozilla/5.0 (Windows NT 6.1) AppleWebKit/537.36 (KHTML, like Gecko) Chrome/109.0.0.0 Safari/537.36', 1, 1706778726, 'Chrome', 'Windows'),
(68, '65bb671fa6532', '116.102.113.25', 'vi', 'Mozilla/5.0 (Windows NT 6.1) AppleWebKit/537.36 (KHTML, like Gecko) Chrome/109.0.0.0 Safari/537.36', 1, 1706780447, 'Chrome', 'Windows'),
(69, '65bb67334ec77', '116.102.113.25', 'vi', 'Mozilla/5.0 (Windows NT 6.1) AppleWebKit/537.36 (KHTML, like Gecko) Chrome/109.0.0.0 Safari/537.36', 1, 1706780467, 'Chrome', 'Windows'),
(70, '65bb675d8a53b', '116.102.113.25', 'vi', 'Mozilla/5.0 (Windows NT 6.1) AppleWebKit/537.36 (KHTML, like Gecko) Chrome/109.0.0.0 Safari/537.36', 1, 1706780509, 'Chrome', 'Windows'),
(71, '65bb7c682fe6f', '113.161.235.252', 'en', 'Mozilla/5.0 (Windows NT 10.0; Win64; x64) AppleWebKit/537.36 (KHTML, like Gecko) Chrome/121.0.0.0 Safari/537.36', 1, 1706785896, 'Chrome', 'Windows'),
(72, '65c2e08e2e3a3', '115.74.244.101', 'vi', 'Mozilla/5.0 (Windows NT 10.0; Win64; x64) AppleWebKit/537.36 (KHTML, like Gecko) Chrome/121.0.0.0 Safari/537.36', 1, 1707270286, 'Chrome', 'Windows'),
(73, '65d08a4aaca4f', '115.74.244.101', 'en', 'Mozilla/5.0 (iPhone; CPU iPhone OS 17_2_1 like Mac OS X) AppleWebKit/605.1.15 (KHTML, like Gecko) Mobile/15E148 Zalo iOS/584 ZaloTheme/light ZaloLanguage/en', 1, 1708165706, 'iPhone', 'iPhone'),
(74, '65d484ad04580', '113.161.235.233', 'en', 'Mozilla/5.0 (Windows NT 10.0; Win64; x64) AppleWebKit/537.36 (KHTML, like Gecko) Chrome/121.0.0.0 Safari/537.36', 1, 1708426413, 'Chrome', 'Windows'),
(75, '65d6aad8f2fb5', '27.71.98.83', 'en', 'Mozilla/5.0 (Windows NT 10.0; Win64; x64) AppleWebKit/537.36 (KHTML, like Gecko) Chrome/121.0.0.0 Safari/537.36', 1, 1708567256, 'Chrome', 'Windows'),
(76, '65ea6b155df57', '113.161.235.233', 'en', 'Mozilla/5.0 (Windows NT 10.0; Win64; x64) AppleWebKit/537.36 (KHTML, like Gecko) Chrome/122.0.0.0 Safari/537.36', 1, 1709861653, 'Chrome', 'Windows'),
(77, '65f4f17eee414', '113.161.235.233', 'en', 'Mozilla/5.0 (Windows NT 10.0; Win64; x64) AppleWebKit/537.36 (KHTML, like Gecko) Chrome/122.0.0.0 Safari/537.36', 1, 1710551423, 'Chrome', 'Windows'),
(78, '65f4f261b1785', '115.74.244.101', 'en', 'Mozilla/5.0 (Windows NT 10.0; Win64; x64) AppleWebKit/537.36 (KHTML, like Gecko) Chrome/122.0.0.0 Safari/537.36 Edg/122.0.0.0', 1, 1710551649, 'Chrome', 'Windows'),
(79, '65f5109e3d02c', '115.74.244.101', 'en', 'Mozilla/5.0 (Windows NT 10.0; Win64; x64) AppleWebKit/537.36 (KHTML, like Gecko) Chrome/122.0.0.0 Safari/537.36 Edg/122.0.0.0', 1, 1710559390, 'Chrome', 'Windows'),
(80, '65f513a1bb463', '27.71.99.18', 'en', 'Mozilla/5.0 (Windows NT 10.0; Win64; x64) AppleWebKit/537.36 (KHTML, like Gecko) Chrome/122.0.0.0 Safari/537.36', 1, 1710560161, 'Chrome', 'Windows'),
(81, '65f51cf0c1419', '103.199.32.217', 'vi', 'Mozilla/5.0 (Linux; Android 11; Live 4 Build/RKQ1.200928.002;) AppleWebKit/537.36 (KHTML, like Gecko) Version/4.0 Chrome/121.0.6167.178 Mobile Safari/537.36 Zalo android/12100729 ZaloTheme/light ZaloLanguage/vi', 1, 1710562544, 'Chrome', 'Android'),
(82, '65f51cf177969', '103.199.32.217', 'vi', 'Mozilla/5.0 (Linux; Android 11; Live 4 Build/RKQ1.200928.002;) AppleWebKit/537.36 (KHTML, like Gecko) Version/4.0 Chrome/121.0.6167.178 Mobile Safari/537.36 Zalo android/12100729 ZaloTheme/light ZaloLanguage/vi', 1, 1710562545, 'Chrome', 'Android'),
(83, '65f52e05f4155', '14.234.86.17', 'vi', 'Mozilla/5.0 (iPhone; CPU iPhone OS 17_4 like Mac OS X) AppleWebKit/605.1.15 (KHTML, like Gecko) Version/17.4 Mobile/15E148 Safari/604.1', 1, 1710566918, 'iPhone', 'iPhone'),
(84, '65f52e06c45b0', '14.234.86.17', 'vi', 'Mozilla/5.0 (iPhone; CPU iPhone OS 17_4 like Mac OS X) AppleWebKit/605.1.15 (KHTML, like Gecko) Version/17.4 Mobile/15E148 Safari/604.1', 1, 1710566918, 'iPhone', 'iPhone'),
(85, '65f550dbd7bde', '115.76.35.127', 'en', 'Mozilla/5.0 (Windows NT 10.0; Win64; x64) AppleWebKit/537.36 (KHTML, like Gecko) Chrome/122.0.0.0 Safari/537.36 Edg/122.0.0.0', 1, 1710575835, 'Chrome', 'Windows'),
(86, '65f55a53b1cfe', '14.234.86.17', 'vi', 'Mozilla/5.0 (iPhone; CPU iPhone OS 17_4 like Mac OS X) AppleWebKit/605.1.15 (KHTML, like Gecko) Mobile/15E148 Zalo iOS/588 ZaloTheme/dark ZaloLanguage/vn', 1, 1710578259, 'iPhone', 'iPhone'),
(87, '65f55a9f51508', '103.199.33.215', 'vi', 'Mozilla/5.0 (Linux; Android 11; Live 4 Build/RKQ1.200928.002;) AppleWebKit/537.36 (KHTML, like Gecko) Version/4.0 Chrome/121.0.6167.178 Mobile Safari/537.36 Zalo android/12100729 ZaloTheme/light ZaloLanguage/vi', 1, 1710578335, 'Chrome', 'Android'),
(88, '65f669fe4e4da', '113.163.116.178', 'en', 'Mozilla/5.0 (Windows NT 10.0; Win64; x64) AppleWebKit/537.36 (KHTML, like Gecko) Chrome/122.0.0.0 Safari/537.36 Edg/122.0.0.0', 1, 1710647806, 'Chrome', 'Windows'),
(89, '65f6c2ba48762', '113.163.116.178', 'en', 'Mozilla/5.0 (Windows NT 10.0; Win64; x64) AppleWebKit/537.36 (KHTML, like Gecko) Chrome/122.0.0.0 Safari/537.36', 1, 1710670522, 'Chrome', 'Windows'),
(90, '65f6c5c2f1d06', '113.163.116.178', 'en', 'Mozilla/5.0 (Windows NT 10.0; Win64; x64) AppleWebKit/537.36 (KHTML, like Gecko) Chrome/122.0.0.0 Safari/537.36 Edg/122.0.0.0', 1, 1710671298, 'Chrome', 'Windows'),
(91, '65f78785985ba', '115.76.35.127', 'en', 'Mozilla/5.0 (Windows NT 10.0; Win64; x64) AppleWebKit/537.36 (KHTML, like Gecko) Chrome/122.0.0.0 Safari/537.36 Edg/122.0.0.0', 1, 1710720901, 'Chrome', 'Windows'),
(92, '65f7a20b7fe69', '115.76.35.127', 'en', 'Mozilla/5.0 (Windows NT 10.0; Win64; x64) AppleWebKit/537.36 (KHTML, like Gecko) Chrome/122.0.0.0 Safari/537.36 Edg/122.0.0.0', 1, 1710727691, 'Chrome', 'Windows'),
(93, '65f7aed889d4b', '113.161.235.233', 'en', 'Mozilla/5.0 (Windows NT 10.0; Win64; x64) AppleWebKit/537.36 (KHTML, like Gecko) Chrome/122.0.0.0 Safari/537.36', 1, 1710730968, 'Chrome', 'Windows'),
(94, '65f8f4049030d', '103.199.33.107', 'vi', 'Mozilla/5.0 (Linux; Android 11; Live 4 Build/RKQ1.200928.002;) AppleWebKit/537.36 (KHTML, like Gecko) Version/4.0 Chrome/121.0.6167.178 Mobile Safari/537.36 Zalo android/12100729 ZaloTheme/light ZaloLanguage/vi', 1, 1710814212, 'Chrome', 'Android'),
(95, '65fb9f7d84a65', '113.161.235.233', 'en', 'Mozilla/5.0 (Windows NT 10.0; Win64; x64) AppleWebKit/537.36 (KHTML, like Gecko) Chrome/122.0.0.0 Safari/537.36', 1, 1710989181, 'Chrome', 'Windows'),
(96, '65fce81933b4a', '115.76.35.127', 'vi', 'Mozilla/5.0 (Windows NT 10.0; Win64; x64) AppleWebKit/537.36 (KHTML, like Gecko) Chrome/122.0.0.0 Safari/537.36 Edg/122.0.0.0', 1, 1711073305, 'Chrome', 'Windows'),
(97, '65fd230012076', '115.76.35.127', 'en', 'Mozilla/5.0 (Windows NT 10.0; Win64; x64) AppleWebKit/537.36 (KHTML, like Gecko) Chrome/122.0.0.0 Safari/537.36 Edg/122.0.0.0', 1, 1711088384, 'Chrome', 'Windows'),
(98, '65fea2f36b25a', '115.76.35.127', 'en', 'Mozilla/5.0 (Windows NT 10.0; Win64; x64) AppleWebKit/537.36 (KHTML, like Gecko) Chrome/122.0.0.0 Safari/537.36 Edg/122.0.0.0', 1, 1711186675, 'Chrome', 'Windows'),
(99, '6600df846aa60', '115.76.35.127', 'en', 'Mozilla/5.0 (Windows NT 10.0; Win64; x64) AppleWebKit/537.36 (KHTML, like Gecko) Chrome/122.0.0.0 Safari/537.36 Edg/122.0.0.0', 1, 1711333252, 'Chrome', 'Windows'),
(100, '660115b771bb5', '115.76.35.127', 'en', 'Mozilla/5.0 (Windows NT 10.0; Win64; x64) AppleWebKit/537.36 (KHTML, like Gecko) Chrome/122.0.0.0 Safari/537.36 Edg/122.0.0.0', 1, 1711347127, 'Chrome', 'Windows'),
(101, '660115c01cd52', '115.76.35.127', 'en', 'Mozilla/5.0 (Windows NT 6.1; WOW64) AppleWebKit/537.36 (KHTML, like Gecko) Chrome/109.0.0.0 Safari/537.36', 1, 1711347136, 'Chrome', 'Windows'),
(102, '66016c529558f', '115.73.245.13', 'vi', 'Mozilla/5.0 (Linux; Android 10; K) AppleWebKit/537.36 (KHTML, like Gecko) Chrome/122.0.0.0 Mobile Safari/537.36', 1, 1711369298, 'Chrome', 'Android'),
(103, '660211cc4e804', '115.76.35.127', 'en', 'Mozilla/5.0 (Windows NT 10.0; Win64; x64) AppleWebKit/537.36 (KHTML, like Gecko) Chrome/122.0.0.0 Safari/537.36 Edg/122.0.0.0', 1, 1711411660, 'Chrome', 'Windows'),
(104, '6602133458ab4', '115.76.35.127', 'en', 'Mozilla/5.0 (Windows NT 6.1; WOW64) AppleWebKit/537.36 (KHTML, like Gecko) Chrome/109.0.0.0 Safari/537.36', 1, 1711412020, 'Chrome', 'Windows'),
(105, '660229750837e', '115.76.35.127', 'vi', 'Mozilla/5.0 (Windows NT 10.0; Win64; x64) AppleWebKit/537.36 (KHTML, like Gecko) Chrome/122.0.0.0 Safari/537.36', 1, 1711417717, 'Chrome', 'Windows'),
(106, '660265d6350d1', '115.76.35.127', 'en', 'Mozilla/5.0 (Windows NT 6.1; WOW64) AppleWebKit/537.36 (KHTML, like Gecko) Chrome/109.0.0.0 Safari/537.36', 1, 1711433174, 'Chrome', 'Windows'),
(107, '66027396561bf', '115.76.35.127', 'vi', 'Mozilla/5.0 (Windows NT 10.0; Win64; x64) AppleWebKit/537.36 (KHTML, like Gecko) Chrome/122.0.0.0 Safari/537.36', 1, 1711436694, 'Chrome', 'Windows'),
(108, '660610003a6fd', '115.76.35.127', 'vi', 'Mozilla/5.0 (Windows NT 10.0; Win64; x64) AppleWebKit/537.36 (KHTML, like Gecko) Chrome/122.0.0.0 Safari/537.36', 1, 1711673344, 'Chrome', 'Windows'),
(109, '660a273acdf1c', '113.161.235.233', 'en', 'Mozilla/5.0 (Windows NT 10.0; Win64; x64) AppleWebKit/537.36 (KHTML, like Gecko) Chrome/123.0.0.0 Safari/537.36', 1, 1711941434, 'Chrome', 'Windows'),
(110, '660f6a57aa325', '171.250.38.208', 'vi', 'Mozilla/5.0 (Windows NT 10.0; Win64; x64) AppleWebKit/537.36 (KHTML, like Gecko) Chrome/122.0.0.0 Safari/537.36', 1, 1712286295, 'Chrome', 'Windows'),
(111, '661cef5df0919', '113.161.235.233', 'en', 'Mozilla/5.0 (Windows NT 10.0; Win64; x64) AppleWebKit/537.36 (KHTML, like Gecko) Chrome/123.0.0.0 Safari/537.36', 1, 1713172317, 'Chrome', 'Windows'),
(112, '661cf5e99e88d', '115.76.44.235', 'en', 'Mozilla/5.0 (Macintosh; Intel Mac OS X 10_15_7) AppleWebKit/537.36 (KHTML, like Gecko) Chrome/123.0.0.0 Safari/537.36', 1, 1713173993, 'Chrome', 'mac'),
(113, '663f0ecc3589c', '116.109.230.3', 'vi', 'Mozilla/5.0 (Windows NT 10.0; Win64; x64) AppleWebKit/537.36 (KHTML, like Gecko) Chrome/122.0.0.0 Safari/537.36', 1, 1715408588, 'Chrome', 'Windows'),
(114, '6642d0c68ac69', '27.71.98.112', 'en', 'Mozilla/5.0 (Windows NT 10.0; Win64; x64) AppleWebKit/537.36 (KHTML, like Gecko) Chrome/124.0.0.0 Safari/537.36', 1, 1715654854, 'Chrome', 'Windows'),
(115, '6645c2d8ccd4d', '116.109.230.3', 'vi', 'Mozilla/5.0 (Windows NT 10.0; Win64; x64) AppleWebKit/537.36 (KHTML, like Gecko) Chrome/122.0.0.0 Safari/537.36', 1, 1715847896, 'Chrome', 'Windows'),
(116, '6645c7b857b5a', '116.109.230.3', 'vi', 'Mozilla/5.0 (Windows NT 10.0; Win64; x64) AppleWebKit/537.36 (KHTML, like Gecko) Chrome/122.0.0.0 Safari/537.36', 1, 1715849144, 'Chrome', 'Windows'),
(117, '6646a7f17357c', '116.109.230.3', 'vi', 'Mozilla/5.0 (Windows NT 10.0; Win64; x64) AppleWebKit/537.36 (KHTML, like Gecko) Chrome/122.0.0.0 Safari/537.36', 1, 1715906545, 'Chrome', 'Windows'),
(118, '665416275defe', '115.76.41.251', 'en', 'Mozilla/5.0 (Windows NT 10.0; Win64; x64) AppleWebKit/537.36 (KHTML, like Gecko) Chrome/125.0.0.0 Safari/537.36', 1, 1716786727, 'Chrome', 'Windows'),
(119, '6655893912bd3', '27.71.99.106', 'en', 'Mozilla/5.0 (Windows NT 10.0; Win64; x64) AppleWebKit/537.36 (KHTML, like Gecko) Chrome/125.0.0.0 Safari/537.36', 1, 1716881721, 'Chrome', 'Windows'),
(120, '6662c727cb4a1', '171.245.134.109', 'vi', 'Mozilla/5.0 (Windows NT 10.0; Win64; x64) AppleWebKit/537.36 (KHTML, like Gecko) Chrome/124.0.0.0 Safari/537.36', 1, 1717749543, 'Chrome', 'Windows'),
(121, '66641413dc1d7', '171.245.134.109', 'vi', 'Mozilla/5.0 (Windows NT 10.0; Win64; x64) AppleWebKit/537.36 (KHTML, like Gecko) Chrome/124.0.0.0 Safari/537.36', 1, 1717834771, 'Chrome', 'Windows'),
(122, '6664146518743', '171.245.134.109', 'vi', 'Mozilla/5.0 (Windows NT 10.0; Win64; x64) AppleWebKit/537.36 (KHTML, like Gecko) Chrome/124.0.0.0 Safari/537.36', 1, 1717834853, 'Chrome', 'Windows'),
(123, '667e1846e92e8', '27.71.99.151', 'en', 'Mozilla/5.0 (Windows NT 10.0; Win64; x64) AppleWebKit/537.36 (KHTML, like Gecko) Chrome/126.0.0.0 Safari/537.36', 1, 1719539782, 'Chrome', 'Windows'),
(124, '667e222dbdc0f', '113.161.235.233', 'en', 'Mozilla/5.0 (Windows NT 10.0; Win64; x64) AppleWebKit/537.36 (KHTML, like Gecko) Chrome/126.0.0.0 Safari/537.36', 1, 1719542317, 'Chrome', 'Windows'),
(125, '667e27888b5bd', '113.163.202.55', 'en', 'Mozilla/5.0 (Windows NT 10.0; Win64; x64; rv:127.0) Gecko/20100101 Firefox/127.0', 1, 1719543688, 'Firefox', 'Windows'),
(126, '667e2ac9a3c5f', '113.161.235.233', 'en', 'Mozilla/5.0 (Windows NT 10.0; Win64; x64) AppleWebKit/537.36 (KHTML, like Gecko) Chrome/126.0.0.0 Safari/537.36', 1, 1719544521, 'Chrome', 'Windows'),
(127, '667e2ec709e6e', '113.161.235.233', 'en', 'Mozilla/5.0 (Windows NT 10.0; Win64; x64) AppleWebKit/537.36 (KHTML, like Gecko) Chrome/126.0.0.0 Safari/537.36', NULL, 1719545543, 'Chrome', 'Windows'),
(128, '667e2f4dc288e', '113.161.235.233', 'en', 'Mozilla/5.0 (Windows NT 10.0; Win64; x64) AppleWebKit/537.36 (KHTML, like Gecko) Chrome/126.0.0.0 Safari/537.36', 1, 1719545677, 'Chrome', 'Windows'),
(129, '667e2fe080d59', '113.161.235.233', 'en', 'Mozilla/5.0 (Windows NT 10.0; Win64; x64) AppleWebKit/537.36 (KHTML, like Gecko) Chrome/126.0.0.0 Safari/537.36', NULL, 1719545824, 'Chrome', 'Windows'),
(130, '667e2ffde20f0', '113.161.235.233', 'en', 'Mozilla/5.0 (Windows NT 10.0; Win64; x64) AppleWebKit/537.36 (KHTML, like Gecko) Chrome/126.0.0.0 Safari/537.36', 1, 1719545853, 'Chrome', 'Windows'),
(131, '667e3022967e1', '113.161.235.233', 'en', 'Mozilla/5.0 (Windows NT 10.0; Win64; x64) AppleWebKit/537.36 (KHTML, like Gecko) Chrome/126.0.0.0 Safari/537.36', NULL, 1719545890, 'Chrome', 'Windows'),
(132, '667e304090f65', '113.161.235.233', 'en', 'Mozilla/5.0 (Windows NT 10.0; Win64; x64) AppleWebKit/537.36 (KHTML, like Gecko) Chrome/126.0.0.0 Safari/537.36', 1, 1719545920, 'Chrome', 'Windows'),
(133, '667e3059459cc', '113.161.235.233', 'en', 'Mozilla/5.0 (Windows NT 10.0; Win64; x64) AppleWebKit/537.36 (KHTML, like Gecko) Chrome/126.0.0.0 Safari/537.36', NULL, 1719545945, 'Chrome', 'Windows'),
(134, '667e30e96a9e1', '113.161.235.233', 'en', 'Mozilla/5.0 (Windows NT 10.0; Win64; x64) AppleWebKit/537.36 (KHTML, like Gecko) Chrome/126.0.0.0 Safari/537.36', 1, 1719546089, 'Chrome', 'Windows'),
(135, '667e3213947e0', '113.161.235.233', 'en', 'Mozilla/5.0 (Windows NT 10.0; Win64; x64) AppleWebKit/537.36 (KHTML, like Gecko) Chrome/126.0.0.0 Safari/537.36', NULL, 1719546387, 'Chrome', 'Windows'),
(136, '667e5b0501d45', '27.71.99.151', 'en', 'Mozilla/5.0 (Windows NT 10.0; Win64; x64) AppleWebKit/537.36 (KHTML, like Gecko) Chrome/126.0.0.0 Safari/537.36', 1, 1719556869, 'Chrome', 'Windows'),
(137, '667e5d71dc0db', '27.71.99.151', 'en', 'Mozilla/5.0 (Windows NT 10.0; Win64; x64) AppleWebKit/537.36 (KHTML, like Gecko) Chrome/126.0.0.0 Safari/537.36', NULL, 1719557489, 'Chrome', 'Windows'),
(138, '667f7802ee208', '::1', 'en', 'Mozilla/5.0 (Windows NT 10.0; Win64; x64) AppleWebKit/537.36 (KHTML, like Gecko) Chrome/126.0.0.0 Safari/537.36', NULL, 1719629826, 'Chrome', 'Windows'),
(139, '6682199727c5d', '::1', 'en', 'Mozilla/5.0 (Windows NT 10.0; Win64; x64) AppleWebKit/537.36 (KHTML, like Gecko) Chrome/126.0.0.0 Safari/537.36', 1, 1719802263, 'Chrome', 'Windows'),
(140, '6682570847fa7', '::1', 'en', 'Mozilla/5.0 (Windows NT 10.0; Win64; x64) AppleWebKit/537.36 (KHTML, like Gecko) Chrome/126.0.0.0 Safari/537.36', 1, 1719817992, 'Chrome', 'Windows'),
(141, '668359b5c412b', '::1', 'en', 'Mozilla/5.0 (Windows NT 10.0; Win64; x64) AppleWebKit/537.36 (KHTML, like Gecko) Chrome/126.0.0.0 Safari/537.36', 1, 1719884213, 'Chrome', 'Windows'),
(142, '668359cae933a', '::1', 'en', 'Mozilla/5.0 (Windows NT 10.0; Win64; x64) AppleWebKit/537.36 (KHTML, like Gecko) Chrome/126.0.0.0 Safari/537.36', NULL, 1719884234, 'Chrome', 'Windows'),
(143, '668b38ab64b1e', '::1', 'en', 'Mozilla/5.0 (Windows NT 10.0; Win64; x64) AppleWebKit/537.36 (KHTML, like Gecko) Chrome/126.0.0.0 Safari/537.36', 1, 1720400043, 'Chrome', 'Windows'),
(144, '66b2d845b46b0', '::1', 'en', 'Mozilla/5.0 (Windows NT 10.0; Win64; x64) AppleWebKit/537.36 (KHTML, like Gecko) Chrome/127.0.0.0 Safari/537.36', 1, 1722996805, 'Chrome', 'Windows');

--
-- Constraints for dumped tables
--

--
-- Constraints for table `auth_assignment`
--
ALTER TABLE `auth_assignment`
  ADD CONSTRAINT `auth_assignment_ibfk_1` FOREIGN KEY (`item_name`) REFERENCES `auth_item` (`name`) ON DELETE CASCADE ON UPDATE CASCADE,
  ADD CONSTRAINT `auth_assignment_ibfk_2` FOREIGN KEY (`user_id`) REFERENCES `user` (`id`) ON DELETE CASCADE ON UPDATE CASCADE;

--
-- Constraints for table `auth_item`
--
ALTER TABLE `auth_item`
  ADD CONSTRAINT `auth_item_ibfk_1` FOREIGN KEY (`rule_name`) REFERENCES `auth_rule` (`name`) ON DELETE SET NULL ON UPDATE CASCADE,
  ADD CONSTRAINT `fk_auth_item_group_code` FOREIGN KEY (`group_code`) REFERENCES `auth_item_group` (`code`) ON DELETE SET NULL ON UPDATE CASCADE;

--
-- Constraints for table `auth_item_child`
--
ALTER TABLE `auth_item_child`
  ADD CONSTRAINT `auth_item_child_ibfk_1` FOREIGN KEY (`parent`) REFERENCES `auth_item` (`name`) ON DELETE CASCADE ON UPDATE CASCADE,
  ADD CONSTRAINT `auth_item_child_ibfk_2` FOREIGN KEY (`child`) REFERENCES `auth_item` (`name`) ON DELETE CASCADE ON UPDATE CASCADE;

--
-- Constraints for table `user_visit_log`
--
ALTER TABLE `user_visit_log`
  ADD CONSTRAINT `user_visit_log_ibfk_1` FOREIGN KEY (`user_id`) REFERENCES `user` (`id`) ON DELETE SET NULL ON UPDATE CASCADE;
COMMIT;

/*!40101 SET CHARACTER_SET_CLIENT=@OLD_CHARACTER_SET_CLIENT */;
/*!40101 SET CHARACTER_SET_RESULTS=@OLD_CHARACTER_SET_RESULTS */;
/*!40101 SET COLLATION_CONNECTION=@OLD_COLLATION_CONNECTION */;
